Workbook

Sheet aufgeräumt
A1: FAME (µg/sample) | B1: FAME (µg/sample) | C1: WB3Pro.D
A2: Octansäure | B2: C08:0 | C2: 7.0501939
A3: Decansäure | B3: C10:0 | C3: 4.0526835
A4: Undecansäure | B4: C11:0 | C4: 0
A5: Dodecansäure | B5: C12:0 | C5: 21.264584
A6: Tridecansäure | B6: C13:0 | C6: 131.61412
A7: Tetradecansäure | B7: C14:0 | C7: 398.01738
A8: 9-Tetradecensäure | B8: C14:1 | C8: 0
A9: Pentadecansäure | B9: C15:0 | C9: 25.339976
A10: Cis-10-Pentadecensäure | B10: C15:1 | C10: 0
A11: Hexadecansäure | B11: C16:0 | C11: 7138.6246
A12: Cis-9-Hexadecensäure | B12: C16:1 | C12: 1252.4399
A13: Heptadecansäure | B13: C17:0 | C13: 21.140595
... A36: Cis-15-Tetracosensäure | B36: C24:1 | C36: 0

Sheet µg statt ng
A1: FAME | B1: Data File | C1: blank231129.D | D1: MEGA-Mix_231129.D | E1: WB3Pro.D | F1: blank231129b.D | H1: ISD( µ/ml)
A2: Octansäure | B2: Final Conc. | C2: ='data processing'!C2/1000 -> 5629.903 | D2: ='data processing'!D2/1000 -> 506.76566 | E2: ='data processing'!E2/1000 -> 7.0501939 | F2: ='data processing'!F2/1000 -> 899.79473 | H2: 400
A3: Decansäure | B3: Final Conc. | C3: ='data processing'!C3/1000 -> 2613.0715 | D3: ='data processing'!D3/1000 -> 506.76611 | E3: ='data processing'!E3/1000 -> 4.0526835 | F3: ='data processing'!F3/1000 -> 133.61284 | H3: 400
A4: Undecansäure | B4: Final Conc. | C4: ='data processing'!C4/1000 -> 759.65153 | D4: ='data processing'!D4/1000 -> 243.76539 | E4: ='data processing'!E4/1000 -> 0 | F4: ='data processing'!F4/1000 -> 188.31048 | H4: 200
A5: Dodecansäure | B5: Final Conc. | C5: ='data processing'!C5/1000 -> 256.51922 | D5: ='data processing'!D5/1000 -> 332.74727 | E5: ='data processing'!E5/1000 -> 21.264584 | F5: ='data processing'!F5/1000 -> 27.872244 | H5: 400
A6: Tridecansäure | B6: Final Conc. | C6: ='data processing'!C6/1000 -> 541.96101 | D6: ='data processing'!D6/1000 -> 161.13565 | E6: ='data processing'!E6/1000 -> 131.61412 | F6: ='data processing'!F6/1000 -> 22.2325 | H6: 200
A7: Tetradecansäure | B7: Final Conc. | C7: ='data processing'!C7/1000 -> 235.30463 | D7: ='data processing'!D7/1000 -> 384.07964 | E7: ='data processing'!E7/1000 -> 398.01738 | F7: ='data processing'!F7/1000 -> 20.596956 | H7: 400
A8: 9-Tetradecensäure | B8: Final Conc. | C8: ='data processing'!C8/1000 -> 2917.1072 | D8: ='data processing'!D8/1000 -> 223.30295 | E8: ='data processing'!E8/1000 -> 0 | F8: ='data processing'!F8/1000 -> 122.07736 | H8: 200
A9: Pentadecansäure | B9: Final Conc. | C9: ='data processing'!C9/1000 -> 1069.7125 | D9: ='data processing'!D9/1000 -> 205.37114 | E9: ='data processing'!E9/1000 -> 25.339976 | F9: ='data processing'!F9/1000 -> 336.46612 | H9: 200
A10: Cis-10-Pentadecensäure | B10: Final Conc. | C10: ='data processing'!C10/1000 -> 939.25172 | D10: ='data processing'!D10/1000 -> 220.62954 | E10: ='data processing'!E10/1000 -> 0 | F10: ='data processing'!F10/1000 -> 129.1175 | H10: 200
A11: Hexadecansäure | B11: Final Conc. | C11: ='data processing'!C11/1000 -> 309.83038 | D11: ='data processing'!D11/1000 -> 2534.2269 | E11: ='data processing'!E11/1000 -> 7138.6246 | F11: ='data processing'!F11/1000 -> 120.20106 | H11: 600
A12: Cis-9-Hexadecensäure | B12: Final Conc. | C12: ='data processing'!C12/1000 -> 142.99871 | D12: ='data processing'!D12/1000 -> 223.10696 | E12: ='data processing'!E12/1000 -> 1252.4399 | F12: ='data processing'!F12/1000 -> 28.11593 | H12: 200
A13: Heptadecansäure | B13: Final Conc. | C13: ='data processing'!C13/1000 -> 68.505445 | D13: ='data processing'!D13/1000 -> 193.91992 | E13: ='data processing'!E13/1000 -> 21.140595 | F13: ='data processing'!F13/1000 -> 14.793909 | H13: 200
... A20: Alpha-Octadecatriensäure | B20: Final Conc. | C20: ='data processing'!C20/1000 -> 1470.9157 | D20: ='data processing'!D20/1000 -> 710.45204 | E20: ='data processing'!E20/1000 -> 4129.4039 | F20: ='data processing'!F20/1000 -> 266.07677 | H20: 200
A21: 6,9,12,15-Octadecatetraensäure | B21: Final Conc. | C21: ='data processing'!C21/1000 -> 1492.4096 | D21: ='data processing'!D21/1000 -> 137.22617 | E21: ='data processing'!E21/1000 -> 381.21438 | F21: ='data processing'!F21/1000 -> 140.14681
A22: Eicosansäure | B22: Final Conc. | C22: ='data processing'!C22/1000 -> 735.968 | D22: ='data processing'!D22/1000 -> 327.55411 | E22: ='data processing'!E22/1000 -> 23.186993 | F22: ='data processing'!F22/1000 -> 368.76418 | H22: 400
A23: Cis-11-Eicosensäure | B23: Final Conc. | C23: ='data processing'!C23/1000 -> 507.40417 | D23: ='data processing'!D23/1000 -> 62.352752 | E23: ='data processing'!E23/1000 -> 38.964143 | F23: ='data processing'!F23/1000 -> 187.71493 | H23: 200
A24: Cis-11,14-Eicosadiensäure | B24: Final Conc. | C24: ='data processing'!C24/1000 -> 111.63369 | D24: ='data processing'!D24/1000 -> 143.17166 | E24: ='data processing'!E24/1000 -> 24.454633 | F24: ='data processing'!F24/1000 -> 137.93711 | H24: 200
A25: Cis-8,11,14-Eisocatriensäure | B25: Final Conc. | C25: ='data processing'!C25/1000 -> 71.6833 | D25: ='data processing'!D25/1000 -> 90.050367 | E25: ='data processing'!E25/1000 -> 5.5145531 | F25: ='data processing'!F25/1000 -> 15.48561 | H25: 200
A26: Cis-5,8,11,14-Eicosatetraensäure | B26: Final Conc. | C26: ='data processing'!C26/1000 -> 2413.0367 | D26: ='data processing'!D26/1000 -> 328.23372 | E26: ='data processing'!E26/1000 -> 144.33782 | F26: ='data processing'!F26/1000 -> 231.14043 | H26: 200
A27: Cis-11,14,17-Eicosatriensäure | B27: Final Conc. | C27: ='data processing'!C27/1000 -> 149.59766 | D27: ='data processing'!D27/1000 -> 88.57554 | E27: ='data processing'!E27/1000 -> 3.5786523 | F27: ='data processing'!F27/1000 -> 91.419676 | H27: 200
A28: Heneicosansäure | B28: Final Conc. | C28: ='data processing'!C28/1000 -> 105.54759 | D28: ='data processing'!D28/1000 -> 155.97072 | E28: ='data processing'!E28/1000 -> 0 | F28: ='data processing'!F28/1000 -> 30.560642 | H28: 200
A29: Cis-5,8,11,14,17-Eicosapentaensäure | B29: Final Conc. | C29: ='data processing'!C29/1000 -> 370.19341 | D29: ='data processing'!D29/1000 -> 195.23362 | E29: ='data processing'!E29/1000 -> 318.05392 | F29: ='data processing'!F29/1000 -> 172.85499 | H29: 200
A30: Docosansäure | B30: Final Conc. | C30: ='data processing'!C30/1000 -> 3428.4964 | D30: ='data processing'!D30/1000 -> 275.54442 | E30: ='data processing'!E30/1000 -> 12.035405 | F30: ='data processing'!F30/1000 -> 1429.6962 | H30: 200
A31: 13-Docosensäure | B31: Final Conc. | C31: ='data processing'!C31/1000 -> 896.318 | D31: ='data processing'!D31/1000 -> 140.67657 | E31: ='data processing'!E31/1000 -> 117.98646 | F31: ='data processing'!F31/1000 -> 161.20567 | H31: 400
A32: Cis-13,16-Docosadiensäure | B32: Final Conc. | C32: ='data processing'!C32/1000 -> 128.79941 | D32: ='data processing'!D32/1000 -> 114.94898 | E32: ='data processing'!E32/1000 -> 1.9374972 | F32: ='data processing'!F32/1000 -> 90.054535 | H32: 200
A33: Cis-7,10,13,16,19-Docosapentaensäure | B33: Final Conc. | C33: ='data processing'!C33/1000 -> 579.81388 | D33: ='data processing'!D33/1000 -> 36.847272 | E33: ='data processing'!E33/1000 -> 0.8371749 | F33: ='data processing'!F33/1000 -> 167.66513
A34: Cis-4,7,10,13,16,19-Docosahexaensäure | B34: Final Conc. | C34: ='data processing'!C34/1000 -> 4429.8287 | D34: ='data processing'!D34/1000 -> 98.995628 | E34: ='data processing'!E34/1000 -> 18.683949 | F34: ='data processing'!F34/1000 -> 537.72969 | H34: 200
A35: Tetracosansäure | B35: Final Conc. | C35: ='data processing'!C35/1000 -> 5911.5634 | D35: ='data processing'!D35/1000 -> 23.629413 | E35: ='data processing'!E35/1000 -> 136.32513 | F35: ='data processing'!F35/1000 -> 174.94109 | H35: 400
A36: Cis-15-Tetracosensäure | B36: Final Conc. | C36: ='data processing'!C36/1000 -> 270.37143 | D36: ='data processing'!D36/1000 -> 17.920515 | E36: ='data processing'!E36/1000 -> 0 | F36: ='data processing'!F36/1000 -> 60.148751 | H36: 200

Sheet data processing
A1: FAME | B1: Data File | C1: blank231129.D | D1: MEGA-Mix_231129.D | E1: WB3Pro.D | F1: blank231129b.D | H1: ISD( µ/ml)
A2: Octansäure | B2: Final Conc. | C2: 5629903 | D2: 506765.66 | E2: 7050.1939 | F2: 899794.73 | H2: 400
A3: Decansäure | B3: Final Conc. | C3: 2613071.5 | D3: 506766.11 | E3: 4052.6835 | F3: 133612.84 | H3: 400
A4: Undecansäure | B4: Final Conc. | C4: 759651.53 | D4: 243765.39 | E4: 0 | F4: 188310.48 | H4: 200
A5: Dodecansäure | B5: Final Conc. | C5: 256519.22 | D5: 332747.27 | E5: 21264.584 | F5: 27872.244 | H5: 400
A6: Tridecansäure | B6: Final Conc. | C6: 541961.01 | D6: 161135.65 | E6: 131614.12 | F6: 22232.5 | H6: 200
A7: Tetradecansäure | B7: Final Conc. | C7: 235304.63 | D7: 384079.64 | E7: 398017.38 | F7: 20596.956 | H7: 400
A8: 9-Tetradecensäure | B8: Final Conc. | C8: 2917107.2 | D8: 223302.95 | E8: 0 | F8: 122077.36 | H8: 200
A9: Pentadecansäure | B9: Final Conc. | C9: 1069712.5 | D9: 205371.14 | E9: 25339.976 | F9: 336466.12 | H9: 200
A10: Cis-10-Pentadecensäure | B10: Final Conc. | C10: 939251.72 | D10: 220629.54 | E10: 0 | F10: 129117.5 | H10: 200
A11: Hexadecansäure | B11: Final Conc. | C11: 309830.38 | D11: 2534226.9 | E11: 7138624.6 | F11: 120201.06 | H11: 600
A12: Cis-9-Hexadecensäure | B12: Final Conc. | C12: 142998.71 | D12: 223106.96 | E12: 1252439.9 | F12: 28115.93 | H12: 200
A13: Heptadecansäure | B13: Final Conc. | C13: 68505.445 | D13: 193919.92 | E13: 21140.595 | F13: 14793.909 | H13: 200
... A20: Alpha-Octadecatriensäure | B20: Final Conc. | C20: 1470915.7 | D20: 710452.04 | E20: 4129403.9 | F20: 266076.77 | H20: 200
A21: 6,9,12,15-Octadecatetraensäure | B21: Final Conc. | C21: 1492409.6 | D21: 137226.17 | E21: 381214.38 | F21: 140146.81
A22: Eicosansäure | B22: Final Conc. | C22: 735968 | D22: 327554.11 | E22: 23186.993 | F22: 368764.18 | H22: 400
A23: Cis-11-Eicosensäure | B23: Final Conc. | C23: 507404.17 | D23: 62352.752 | E23: 38964.143 | F23: 187714.93 | H23: 200
A24: Cis-11,14-Eicosadiensäure | B24: Final Conc. | C24: 111633.69 | D24: 143171.66 | E24: 24454.633 | F24: 137937.11 | H24: 200
A25: Cis-8,11,14-Eisocatriensäure | B25: Final Conc. | C25: 71683.3 | D25: 90050.367 | E25: 5514.5531 | F25: 15485.61 | H25: 200
A26: Cis-5,8,11,14-Eicosatetraensäure | B26: Final Conc. | C26: 2413036.7 | D26: 328233.72 | E26: 144337.82 | F26: 231140.43 | H26: 200
A27: Cis-11,14,17-Eicosatriensäure | B27: Final Conc. | C27: 149597.66 | D27: 88575.54 | E27: 3578.6523 | F27: 91419.676 | H27: 200
A28: Heneicosansäure | B28: Final Conc. | C28: 105547.59 | D28: 155970.72 | E28: 0 | F28: 30560.642 | H28: 200
A29: Cis-5,8,11,14,17-Eicosapentaensäure | B29: Final Conc. | C29: 370193.41 | D29: 195233.62 | E29: 318053.92 | F29: 172854.99 | H29: 200
A30: Docosansäure | B30: Final Conc. | C30: 3428496.4 | D30: 275544.42 | E30: 12035.405 | F30: 1429696.2 | H30: 200
A31: 13-Docosensäure | B31: Final Conc. | C31: 896318 | D31: 140676.57 | E31: 117986.46 | F31: 161205.67 | H31: 400
A32: Cis-13,16-Docosadiensäure | B32: Final Conc. | C32: 128799.41 | D32: 114948.98 | E32: 1937.4972 | F32: 90054.535 | H32: 200
A33: Cis-7,10,13,16,19-Docosapentaensäure | B33: Final Conc. | C33: 579813.88 | D33: 36847.272 | E33: 837.1749 | F33: 167665.13
A34: Cis-4,7,10,13,16,19-Docosahexaensäure | B34: Final Conc. | C34: 4429828.7 | D34: 98995.628 | E34: 18683.949 | F34: 537729.69 | H34: 200
A35: Tetracosansäure | B35: Final Conc. | C35: 5911563.4 | D35: 23629.413 | E35: 136325.13 | F35: 174941.09 | H35: 400
A36: Cis-15-Tetracosensäure | B36: Final Conc. | C36: 270371.43 | D36: 17920.515 | E36: 0 | F36: 60148.751 | H36: 200

Sheet raw data
A5: Octansäure | B5: Data File | C5: blank231129.D | D5: MEGA-Mix_231129.D | E5: WB3Pro.D | F5: blank231129b.D
B6: Type | C6: Blank | D6: Sample | E6: Sample | F6: Blank
B7: ISTD | C7: Nonadecansäure | D7: Nonadecansäure | E7: Nonadecansäure | F7: Nonadecansäure
B8: RT | C8: 4.201 | D8: 4.182 | E8: 4.38 | F8: 4.192
B9: Resp. | C9: 11794 | D9: 68205443 | E9: 35393 | F9: 13286
B10: ISTD Resp | C10: 1101 | D10: 71596977 | E10: 44601880 | F10: 7809
B11: RR | C11: 10.711 | D11: 0.9526 | E11: 0.0008 | F11: 1.7013
B12: Final Conc. | C12: 5629903 | D12: 506765.66 | E12: 7050.1939 | F12: 899794.73
A13: Decansäure | B13: Data File | C13: blank231129.D | D13: MEGA-Mix_231129.D | E13: WB3Pro.D | F13: blank231129b.D
B14: Type | C14: Blank | D14: Sample | E14: Sample | F14: Blank
B15: ISTD | C15: Nonadecansäure | D15: Nonadecansäure | E15: Nonadecansäure | F15: Nonadecansäure
B16: RT | C16: 5.337 | D16: 5.347 | E16: 5.33 | F16: 5.354
B17: Resp. | C17: 4208 | D17: 53189293 | E17: 359749 | F17: 1542
B18: ISTD Resp | C18: 1101 | D18: 71596977 | E18: 44601880 | F18: 7809
B19: RR | C19: 3.8218 | D19: 0.7429 | E19: 0.0081 | F19: 0.1974
B20: Final Conc. | C20: 2613071.5 | D20: 506766.11 | E20: 4052.6835 | F20: 133612.84
A21: Undecansäure | B21: Data File | C21: blank231129.D | D21: MEGA-Mix_231129.D | E21: WB3Pro.D | F21: blank231129b.D
B22: Type | C22: Blank | D22: Sample | E22: Sample | F22: Blank
B23: ISTD | C23: Nonadecansäure | D23: Nonadecansäure | E23: Nonadecansäure | F23: Nonadecansäure
B24: RT | C24: 6.159 | D24: 6.155 | E24: 6.154 | F24: 6.169
B25: Resp. | C25: 2431 | D25: 50923149 | E25: 37720 | F25: 4298
B26: ISTD Resp | C26: 1101 | D26: 71596977 | E26: 44601880 | F26: 7809
B27: RR | C27: 2.2077 | D27: 0.7112 | E27: 0.0008 | F27: 0.5504
B28: Final Conc. | C28: 759651.53 | D28: 243765.39 | E28: 0 | F28: 188310.48
A29: Dodecansäure | B29: Data File | C29: blank231129.D | D29: MEGA-Mix_231129.D | E29: WB3Pro.D | F29: blank231129b.D
B30: Type | C30: Blank | D30: Sample | E30: Sample | F30: Blank
B31: ISTD | C31: Nonadecansäure | D31: Nonadecansäure | E31: Nonadecansäure | F31: Nonadecansäure
B32: RT | C32: 7.475 | D32: 7.265 | E32: 7.236 | F32: 7.459
B33: Resp. | C33: 4797 | D33: 401700846 | E33: 21580865 | F33: 4628
B34: ISTD Resp | C34: 1101 | D34: 71596977 | E34: 44601880 | F34: 7809
B35: RR | C35: 4.3559 | D35: 5.6106 | E35: 0.4839 | F35: 0.5926
B36: Final Conc. | C36: 256519.22 | D36: 332747.27 | E36: 21264.584 | F36: 27872.244
A37: Tridecansäure | B37: Data File | C37: blank231129.D | D37: MEGA-Mix_231129.D | E37: WB3Pro.D | F37: blank231129b.D
B38: Type | C38: Blank | D38: Sample | E38: Sample | F38: Blank
B39: ISTD | C39: Nonadecansäure | D39: Nonadecansäure | E39: Nonadecansäure | F39: Nonadecansäure
B40: RT | C40: 9.015 | D40: 8.767 | E40: 8.737 | F40: 9.038
B41: Resp. | C41: 3492 | D41: 67867534 | E41: 34591687 | F41: 1070
B42: ISTD Resp | C42: 1101 | D42: 71596977 | E42: 44601880 | F42: 7809
B43: RR | C43: 3.1711 | D43: 0.9479 | E43: 0.7756 | F43: 0.137
B44: Final Conc. | C44: 541961.01 | D44: 161135.65 | E44: 131614.12 | F44: 22232.5
A45: Tetradecansäure | B45: Data File | C45: blank231129.D | D45: MEGA-Mix_231129.D | E45: WB3Pro.D | F45: blank231129b.D
B46: Type | C46: Blank | D46: Sample | E46: Sample | F46: Blank
B47: ISTD | C47: Nonadecansäure | D47: Nonadecansäure | E47: Nonadecansäure | F47: Nonadecansäure
B48: RT | C48: 11.147 | D48: 10.812 | E48: 10.776 | F48: 11.116
B49: Resp. | C49: 4517 | D49: 474223244 | E49: 305955176 | F49: 3624
B50: ISTD Resp | C50: 1101 | D50: 71596977 | E50: 44601880 | F50: 7809
B51: RR | C51: 4.1024 | D51: 6.6235 | E51: 6.8597 | F51: 0.4641
B52: Final Conc. | C52: 235304.63 | D52: 384079.64 | E52: 398017.38 | F52: 20596.956
A53: 9-Tetradecensäure | B53: Data File | C53: blank231129.D | D53: MEGA-Mix_231129.D | E53: WB3Pro.D | F53: blank231129b.D
B54: Type | C54: Blank | D54: Sample | E54: Sample | F54: Blank
B55: ISTD | C55: Nonadecansäure | D55: Nonadecansäure | E55: Nonadecansäure | F55: Nonadecansäure
B56: RT | C56: 11.875 | D56: 11.459 | E56: 12.202 | F56: 11.851
B57: Resp. | C57: 15867 | D57: 79304571 | E57: 45618 | F57: 4747
B58: ISTD Resp | C58: 1101 | D58: 71596977 | E58: 44601880 | F58: 7809
B59: RR | C59: 14.4096 | D59: 1.1077 | E59: 0.001 | F59: 0.6078
B60: Final Conc. | C60: 2917107.2 | D60: 223302.95 | E60: 0 | F60: 122077.36
A61: Pentadecansäure | B61: Data File | C61: blank231129.D | D61: MEGA-Mix_231129.D | E61: WB3Pro.D | F61: blank231129b.D
B62: Type | C62: Blank | D62: Sample | E62: Sample | F62: Blank
B63: ISTD | C63: Nonadecansäure | D63: Nonadecansäure | E63: Nonadecansäure | F63: Nonadecansäure
B64: RT | C64: 13.871 | D64: 13.423 | E64: 13.361 | F64: 13.505
B65: Resp. | C65: 4544 | D65: 57049023 | E65: 4601133 | F65: 10167
B66: ISTD Resp | C66: 1101 | D66: 71596977 | E66: 44601880 | F66: 7809
B67: RR | C67: 4.1271 | D67: 0.7968 | E67: 0.1032 | F67: 1.3019
B68: Final Conc. | C68: 1069712.5 | D68: 205371.14 | E68: 25339.976 | F68: 336466.12
A69: Cis-10-Pentadecensäure | B69: Data File | C69: blank231129.D | D69: MEGA-Mix_231129.D | E69: WB3Pro.D | F69: blank231129b.D
B70: Type | C70: Blank | D70: Sample | E70: Sample | F70: Blank
B71: ISTD | C71: Nonadecansäure | D71: Nonadecansäure | E71: Nonadecansäure | F71: Nonadecansäure
B72: RT | C72: 14.319 | D72: 14.276 | E72: 14.007 | F72: 14.302
B73: Resp. | C73: 4566 | D73: 69985754 | E73: 1933 | F73: 4482
B74: ISTD Resp | C74: 1101 | D74: 71596977 | E74: 44601880 | F74: 7809
B75: RR | C75: 4.1469 | D75: 0.9775 | E75: 0 | F75: 0.5739
B76: Final Conc. | C76: 939251.72 | D76: 220629.54 | E76: 0 | F76: 129117.5
A77: Hexadecansäure | B77: Data File | C77: blank231129.D | D77: MEGA-Mix_231129.D | E77: WB3Pro.D | F77: blank231129b.D
B78: Type | C78: Blank | D78: Sample | E78: Sample | F78: Blank
B79: ISTD | C79: Nonadecansäure | D79: Nonadecansäure | E79: Nonadecansäure | F79: Nonadecansäure
B80: RT | C80: 16.821 | D80: 16.783 | E80: 16.924 | F80: 16.817
B81: Resp. | C81: 1677 | D81: 882637945 | E81: 1547366727 | F81: 4703
B82: ISTD Resp | C82: 1101 | D82: 71596977 | E82: 44601880 | F82: 7809
B83: RR | C83: 1.5233 | D83: 12.3279 | E83: 34.6929 | F83: 0.6022
B84: Final Conc. | C84: 309830.38 | D84: 2534226.9 | E84: 7138624.6 | F84: 120201.06
A85: Cis-9-Hexadecensäure | B85: Data File | C85: blank231129.D | D85: MEGA-Mix_231129.D | E85: WB3Pro.D | F85: blank231129b.D
B86: Type | C86: Blank | D86: Sample | E86: Sample | F86: Blank
B87: ISTD | C87: Nonadecansäure | D87: Nonadecansäure | E87: Nonadecansäure | F87: Nonadecansäure
B88: RT | C88: 17.429 | D88: 17.351 | E88: 17.527 | F88: 17.399
B89: Resp. | C89: 741 | D89: 74764985 | E89: 259495195 | F89: 1093
B90: ISTD Resp | C90: 1101 | D90: 71596977 | E90: 44601880 | F90: 7809
B91: RR | C91: 0.6727 | D91: 1.0442 | E91: 5.818 | F91: 0.1399
B92: Final Conc. | C92: 142998.71 | D92: 223106.96 | E92: 1252439.9 | F92: 28115.93
A93: Heptadecansäure | B93: Data File | C93: blank231129.D | D93: MEGA-Mix_231129.D | E93: WB3Pro.D | F93: blank231129b.D
B94: Type | C94: Blank | D94: Sample | E94: Sample | F94: Blank
B95: ISTD | C95: Nonadecansäure | D95: Nonadecansäure | E95: Nonadecansäure | F95: Nonadecansäure
B96: RT | C96: 20.61 | D96: 20.565 | E96: 20.527 | F96: 20.6
B97: Resp. | C97: 1732 | D97: 316252305 | E97: 22223228 | F97: 2767
B98: ISTD Resp | C98: 1101 | D98: 71596977 | E98: 44601880 | F98: 7809
B99: RR | C99: 1.5726 | D99: 4.4171 | E99: 0.4983 | F99: 0.3543
B100: Final Conc. | C100: 68505.445 | D100: 193919.92 | E100: 21140.595 | F100: 14793.909
A101: Cis-10-Heptadecensäure | B101: Data File | C101: blank231129.D | D101: MEGA-Mix_231129.D | E101: WB3Pro.D | F101: blank231129b.D
B102: Type | C102: Blank | D102: Sample | E102: Sample | F102: Blank
B103: ISTD | C103: Nonadecansäure | D103: Nonadecansäure | E103: Nonadecansäure | F103: Nonadecansäure
B104: RT | C104: 21.351 | D104: 21.292 | E104: 20.989 | F104: 21.344
...

Sheet 231129_FA-Quant-Report_ISTD
A1: Batch Data Path | B1: D:\MassHunter\GCMS\1\data\Sophie_Landau\231129\QuantResults\231129.batch.bin
A2: Analysis Time | B2: 45267.616 | C2: Analyst Name | D2: FLOEK026\install | E2: Report Generator Name | F2: FLOEK026\install
A3: Calibration Last Update | B3: 45154.569 | C3: Analyze Quant Version | D3: 10.1 | E3: Report Quant Version | F3: 10.2
A4: Sequence Table
A5: Data File | B5: Name | C5: Type | D5: Vial | E5: Vol. | F5: Level | G5: Acq. Method File
A6: blank231129.D | B6: blank | C6: Blank | D6: 1 | E6: 1 | G6: FAME_02_Insert
A8: MEGA-Mix_231129.D | B8: MEGA-Mix | C8: Sample | D8: 2 | E8: 1 | G8: FAME_02_Insert
A10: WB3Pro.D | B10: WB3Pro | C10: Sample | D10: 3 | E10: 1 | G10: FAME_02_Insert
A12: blank231129b.D | B12: blank | C12: Blank | D12: 1 | E12: 1 | G12: FAME_02_Insert
A14: Octansäure
A15: Data File | B15: Type | C15: ISTD | D15: RT | E15: Resp. | F15: ISTD Resp | G15: RR | H15: Final Conc. | I15: Exp. Conc. | J15: Accuracy
A16: blank231129.D | B16: Blank | C16: Nonadecansäure | D16: 4.201 | E16: 11794 | F16: 1101 | G16: 10.711 | H16: 5629903
A17: MEGA-Mix_231129.D | B17: Sample | C17: Nonadecansäure | D17: 4.182 | E17: 68205443 | F17: 71596977 | G17: 0.9526 | H17: 506765.66
A18: WB3Pro.D | B18: Sample | C18: Nonadecansäure | D18: 4.38 | E18: 35393 | F18: 44601880 | G18: 0.0008 | H18: 7050.1939
A19: blank231129b.D | B19: Blank | C19: Nonadecansäure | D19: 4.192 | E19: 13286 | F19: 7809 | G19: 1.7013 | H19: 899794.73
A20: Decansäure
A21: Data File | B21: Type | C21: ISTD | D21: RT | E21: Resp. | F21: ISTD Resp | G21: RR | H21: Final Conc. | I21: Exp. Conc. | J21: Accuracy
A22: blank231129.D | B22: Blank | C22: Nonadecansäure | D22: 5.337 | E22: 4208 | F22: 1101 | G22: 3.8218 | H22: 2613071.5
A23: MEGA-Mix_231129.D | B23: Sample | C23: Nonadecansäure | D23: 5.347 | E23: 53189293 | F23: 71596977 | G23: 0.7429 | H23: 506766.11
A24: WB3Pro.D | B24: Sample | C24: Nonadecansäure | D24: 5.33 | E24: 359749 | F24: 44601880 | G24: 0.0081 | H24: 4052.6835
A25: blank231129b.D | B25: Blank | C25: Nonadecansäure | D25: 5.354 | E25: 1542 | F25: 7809 | G25: 0.1974 | H25: 133612.84
A26: Undecansäure
A27: Data File | B27: Type | C27: ISTD | D27: RT | E27: Resp. | F27: ISTD Resp | G27: RR | H27: Final Conc. | I27: Exp. Conc. | J27: Accuracy
A28: blank231129.D | B28: Blank | C28: Nonadecansäure | D28: 6.159 | E28: 2431 | F28: 1101 | G28: 2.2077 | H28: 759651.53
A29: MEGA-Mix_231129.D | B29: Sample | C29: Nonadecansäure | D29: 6.155 | E29: 50923149 | F29: 71596977 | G29: 0.7112 | H29: 243765.39
A30: WB3Pro.D | B30: Sample | C30: Nonadecansäure | D30: 6.154 | E30: 37720 | F30: 44601880 | G30: 0.0008 | H30: 0
A31: blank231129b.D | B31: Blank | C31: Nonadecansäure | D31: 6.169 | E31: 4298 | F31: 7809 | G31: 0.5504 | H31: 188310.48
A32: Dodecansäure
A33: Data File | B33: Type | C33: ISTD | D33: RT | E33: Resp. | F33: ISTD Resp | G33: RR | H33: Final Conc. | I33: Exp. Conc. | J33: Accuracy
A34: blank231129.D | B34: Blank | C34: Nonadecansäure | D34: 7.475 | E34: 4797 | F34: 1101 | G34: 4.3559 | H34: 256519.22
A35: MEGA-Mix_231129.D | B35: Sample | C35: Nonadecansäure | D35: 7.265 | E35: 401700846 | F35: 71596977 | G35: 5.6106 | H35: 332747.27
A36: WB3Pro.D | B36: Sample | C36: Nonadecansäure | D36: 7.236 | E36: 21580865 | F36: 44601880 | G36: 0.4839 | H36: 21264.584
A37: blank231129b.D | B37: Blank | C37: Nonadecansäure | D37: 7.459 | E37: 4628 | F37: 7809 | G37: 0.5926 | H37: 27872.244
A38: Tridecansäure
A39: Data File | B39: Type | C39: ISTD | D39: RT | E39: Resp. | F39: ISTD Resp | G39: RR | H39: Final Conc. | I39: Exp. Conc. | J39: Accuracy
A40: blank231129.D | B40: Blank | C40: Nonadecansäure | D40: 9.015 | E40: 3492 | F40: 1101 | G40: 3.1711 | H40: 541961.01
A41: MEGA-Mix_231129.D | B41: Sample | C41: Nonadecansäure | D41: 8.767 | E41: 67867534 | F41: 71596977 | G41: 0.9479 | H41: 161135.65
A42: WB3Pro.D | B42: Sample | C42: Nonadecansäure | D42: 8.737 | E42: 34591687 | F42: 44601880 | G42: 0.7756 | H42: 131614.12
A43: blank231129b.D | B43: Blank | C43: Nonadecansäure | D43: 9.038 | E43: 1070 | F43: 7809 | G43: 0.137 | H43: 22232.5
A44: Tetradecansäure
A45: Data File | B45: Type | C45: ISTD | D45: RT | E45: Resp. | F45: ISTD Resp | G45: RR | H45: Final Conc. | I45: Exp. Conc. | J45: Accuracy
A46: blank231129.D | B46: Blank | C46: Nonadecansäure | D46: 11.147 | E46: 4517 | F46: 1101 | G46: 4.1024 | H46: 235304.63
A47: MEGA-Mix_231129.D | B47: Sample | C47: Nonadecansäure | D47: 10.812 | E47: 474223244 | F47: 71596977 | G47: 6.6235 | H47: 384079.64
A48: WB3Pro.D | B48: Sample | C48: Nonadecansäure | D48: 10.776 | E48: 305955176 | F48: 44601880 | G48: 6.8597 | H48: 398017.38
A49: blank231129b.D | B49: Blank | C49: Nonadecansäure | D49: 11.116 | E49: 3624 | F49: 7809 | G49: 0.4641 | H49: 20596.956
A50: 9-Tetradecensäure
A51: Data File | B51: Type | C51: ISTD | D51: RT | E51: Resp. | F51: ISTD Resp | G51: RR | H51: Final Conc. | I51: Exp. Conc. | J51: Accuracy
A52: blank231129.D | B52: Blank | C52: Nonadecansäure | D52: 11.875 | E52: 15867 | F52: 1101 | G52: 14.4096 | H52: 2917107.2
A53: MEGA-Mix_231129.D | B53: Sample | C53: Nonadecansäure | D53: 11.459 | E53: 79304571 | F53: 71596977 | G53: 1.1077 | H53: 223302.95
A54: WB3Pro.D | B54: Sample | C54: Nonadecansäure | D54: 12.202 | E54: 45618 | F54: 44601880 | G54: 0.001 | H54: 0
A55: blank231129b.D | B55: Blank | C55: Nonadecansäure | D55: 11.851 | E55: 4747 | F55: 7809 | G55: 0.6078 | H55: 122077.36
A56: Pentadecansäure
A57: Data File | B57: Type | C57: ISTD | D57: RT | E57: Resp. | F57: ISTD Resp | G57: RR | H57: Final Conc. | I57: Exp. Conc. | J57: Accuracy
A58: blank231129.D | B58: Blank | C58: Nonadecansäure | D58: 13.871 | E58: 4544 | F58: 1101 | G58: 4.1271 | H58: 1069712.5
A59: MEGA-Mix_231129.D | B59: Sample | C59: Nonadecansäure | D59: 13.423 | E59: 57049023 | F59: 71596977 | G59: 0.7968 | H59: 205371.14
A60: WB3Pro.D | B60: Sample | C60: Nonadecansäure | D60: 13.361 | E60: 4601133 | F60: 44601880 | G60: 0.1032 | H60: 25339.976
A61: blank231129b.D | B61: Blank | C61: Nonadecansäure | D61: 13.505 | E61: 10167 | F61: 7809 | G61: 1.3019 | H61: 336466.12
A62: Cis-10-Pentadecensäure
A63: Data File | B63: Type | C63: ISTD | D63: RT | E63: Resp. | F63: ISTD Resp | G63: RR | H63: Final Conc. | I63: Exp. Conc. | J63: Accuracy
A64: blank231129.D | B64: Blank | C64: Nonadecansäure | D64: 14.319 | E64: 4566 | F64: 1101 | G64: 4.1469 | H64: 939251.72
A65: MEGA-Mix_231129.D | B65: Sample | C65: Nonadecansäure | D65: 14.276 | E65: 69985754 | F65: 71596977 | G65: 0.9775 | H65: 220629.54
A66: WB3Pro.D | B66: Sample | C66: Nonadecansäure | D66: 14.007 | E66: 1933 | F66: 44601880 | G66: 0 | H66: 0
A67: blank231129b.D | B67: Blank | C67: Nonadecansäure | D67: 14.302 | E67: 4482 | F67: 7809 | G67: 0.5739 | H67: 129117.5
A68: Hexadecansäure
A69: Data File | B69: Type | C69: ISTD | D69: RT | E69: Resp. | F69: ISTD Resp | G69: RR | H69: Final Conc. | I69: Exp. Conc. | J69: Accuracy
A70: blank231129.D | B70: Blank | C70: Nonadecansäure | D70: 16.821 | E70: 1677 | F70: 1101 | G70: 1.5233 | H70: 309830.38
A71: MEGA-Mix_231129.D | B71: Sample | C71: Nonadecansäure | D71: 16.783 | E71: 882637945 | F71: 71596977 | G71: 12.3279 | H71: 2534226.9
A72: WB3Pro.D | B72: Sample | C72: Nonadecansäure | D72: 16.924 | E72: 1547366727 | F72: 44601880 | G72: 34.6929 | H72: 7138624.6
A73: blank231129b.D | B73: Blank | C73: Nonadecansäure | D73: 16.817 | E73: 4703 | F73: 7809 | G73: 0.6022 | H73: 120201.06
A74: Cis-9-Hexadecensäure
A75: Data File | B75: Type | C75: ISTD | D75: RT | E75: Resp. | F75: ISTD Resp | G75: RR | H75: Final Conc. | I75: Exp. Conc. | J75: Accuracy
A76: blank231129.D | B76: Blank | C76: Nonadecansäure | D76: 17.429 | E76: 741 | F76: 1101 | G76: 0.6727 | H76: 142998.71
A77: MEGA-Mix_231129.D | B77: Sample | C77: Nonadecansäure | D77: 17.351 | E77: 74764985 | F77: 71596977 | G77: 1.0442 | H77: 223106.96
A78: WB3Pro.D | B78: Sample | C78: Nonadecansäure | D78: 17.527 | E78: 259495195 | F78: 44601880 | G78: 5.818 | H78: 1252439.9
A79: blank231129b.D | B79: Blank | C79: Nonadecansäure | D79: 17.399 | E79: 1093 | F79: 7809 | G79: 0.1399 | H79: 28115.93
A80: Heptadecansäure
A81: Data File | B81: Type | C81: ISTD | D81: RT | E81: Resp. | F81: ISTD Resp | G81: RR | H81: Final Conc. | I81: Exp. Conc. | J81: Accuracy
A82: blank231129.D | B82: Blank | C82: Nonadecansäure | D82: 20.61 | E82: 1732 | F82: 1101 | G82: 1.5726 | H82: 68505.445
A83: MEGA-Mix_231129.D | B83: Sample | C83: Nonadecansäure | D83: 20.565 | E83: 316252305 | F83: 71596977 | G83: 4.4171 | H83: 193919.92
A84: WB3Pro.D | B84: Sample | C84: Nonadecansäure | D84: 20.527 | E84: 22223228 | F84: 44601880 | G84: 0.4983 | H84: 21140.595
A85: blank231129b.D | B85: Blank | C85: Nonadecansäure | D85: 20.6 | E85: 2767 | F85: 7809 | G85: 0.3543 | H85: 14793.909
A86: Cis-10-Heptadecensäure
A87: Data File | B87: Type | C87: ISTD | D87: RT | E87: Resp. | F87: ISTD Resp | G87: RR | H87: Final Conc. | I87: Exp. Conc. | J87: Accuracy
A88: blank231129.D | B88: Blank | C88: Nonadecansäure | D88: 21.351 | E88: 2705 | F88: 1101 | G88: 2.4562 | H88: 585407.53
A89: MEGA-Mix_231129.D | B89: Sample | C89: Nonadecansäure | D89: 21.292 | E89: 100051171 | F89: 71596977 | G89: 1.3974 | H89: 332647.36
A90: WB3Pro.D | B90: Sample | C90: Nonadecansäure | D90: 20.989 | E90: 77 | F90: 44601880 | G90: 0 | H90: 0
A91: blank231129b.D | B91: Blank | C91: Nonadecansäure | D91: 21.344 | E91: 22797 | F91: 7809 | G91: 2.9192 | H91: 695922.95
A92: Octadecansäure
A93: Data File | B93: Type | C93: ISTD | D93: RT | E93: Resp. | F93: ISTD Resp | G93: RR | H93: Final Conc. | I93: Exp. Conc. | J93: Accuracy
A94: blank231129.D | B94: Blank | C94: Nonadecansäure | D94: 25.128 | E94: 1272 | F94: 1101 | G94: 1.1551 | H94: 183102.71
A95: MEGA-Mix_231129.D | B95: Sample | C95: Nonadecansäure | D95: 25.015 | E95: 223523703 | F95: 71596977 | G95: 3.122 | H95: 504430.6
A96: WB3Pro.D | B96: Sample | C96: Nonadecansäure | D96: 25.391 | E96: 129652456 | F96: 44601880 | G96: 2.9069 | H96: 469292
A97: blank231129b.D | B97: Blank | C97: Nonadecansäure | D97: 25.059 | E97: 3871 | F97: 7809 | G97: 0.4957 | H97: 75379.358
A98: Cis-9-Octadecensäure
A99: Data File | B99: Type | C99: ISTD | D99: RT | E99: Resp. | F99: ISTD Resp | G99: RR | H99: Final Conc. | I99: Exp. Conc. | J99: Accuracy
A100: blank231129.D | B100: Blank | C100: Nonadecansäure | D100: 25.545 | E100: 3971 | F100: 1101 | G100: 3.6062 | H100: 912632.13
A101: MEGA-Mix_231129.D | B101: Sample | C101: Nonadecansäure | D101: 25.501 | E101: 195723223 | F101: 71596977 | G101: 2.7337 | H101: 690180.51
A102: WB3Pro.D | B102: Sample | C102: Nonadecansäure | D102: 25.931 | E102: 471054515 | F102: 44601880 | G102: 10.5613 | H102: 2685949.6
A103: blank231129b.D | B103: Blank | C103: Nonadecansäure | D103: 25.535 | E103: 3258 | F103: 7809 | G103: 0.4172 | H103: 99566.082
A104: Octadeca-9,12-diensäure (trans)
...
