Workbook

Sheet all FA
A1: Oldname | B1: RUNINFO | C1: Name | D1: Treatment | E1: Week | F1: FA_µg_sample | G1: blank deduction | H1: negative values? | I1: µg_FA_per_mg | L1: a) in Spalte FA_ug_sample, bei #NV Angabe stand in Patricks aufgeräumter Liste "ND"
A2: W1NC | B2: B_1 | C2: C08:0 | D2: NC | E2: 1 | F2: 8.4897928 | G2: =IFERROR(F2-'Alt Blanks'!$I$2,F2) -> 1.7832517 | H2: =IF(G2<0,0,G2) -> 1.7832517 | I2: =H2/2 -> 0.89162585 | L2: b) negative values set to 0 (as there was a data, but the blank median was higher)
A3: W1NC | B3: B_1 | C3: C10:0 | D3: NC | E3: 1 | F3: 3.5278461 | G3: =IFERROR(F3-'Alt Blanks'!$I$3,F3) -> 3.5278461 | H3: =IF(G3<0,0,G3) -> 3.5278461 | I3: =H3/2 -> 1.7639231
A4: W1NC | B4: B_1 | C4: C11:0 | D4: NC | E4: 1 | F4: 0.2621582 | G4: =IFERROR(F4-'Alt Blanks'!$I$4,F4) -> 0.2621582 | H4: =IF(G4<0,0,G4) -> 0.2621582 | I4: =H4/2 -> 0.1310791
A5: W1NC | B5: B_1 | C5: C12:0 | D5: NC | E5: 1 | F5: 17.347754 | G5: =IFERROR(F5-'Alt Blanks'!$I$5,F5) -> 17.347754 | H5: =IF(G5<0,0,G5) -> 17.347754 | I5: =H5/2 -> 8.673877
A6: W1NC | B6: B_1 | C6: C13:0 | D6: NC | E6: 1 | F6: 89.994023 | G6: =IFERROR(F6-'Alt Blanks'!$I$6,F6) -> 89.994023 | H6: =IF(G6<0,0,G6) -> 89.994023 | I6: =H6/2 -> 44.997012
A7: W1NC | B7: B_1 | C7: C14:0 | D7: NC | E7: 1 | F7: 260.69208 | G7: =IFERROR(F7-'Alt Blanks'!$I$7,F7) -> 260.69208 | H7: =IF(G7<0,0,G7) -> 260.69208 | I7: =H7/2 -> 130.34604
A8: W1NC | B8: B_1 | C8: C14:1 | D8: NC | E8: 1 | F8: 0 | G8: =IFERROR(F8-'Alt Blanks'!$I$8,F8) -> 0 | H8: =IF(G8<0,0,G8) -> 0 | I8: =H8/2 -> 0
A9: W1NC | B9: B_1 | C9: C15:0 | D9: NC | E9: 1 | F9: 11.053502 | G9: =IFERROR(F9-'Alt Blanks'!$I$9,F9) -> 11.053502 | H9: =IF(G9<0,0,G9) -> 11.053502 | I9: =H9/2 -> 5.526751
A10: W1NC | B10: B_1 | C10: C15:1 | D10: NC | E10: 1 | F10: 0 | G10: =IFERROR(F10-'Alt Blanks'!$I$10,F10) -> 0 | H10: =IF(G10<0,0,G10) -> 0 | I10: =H10/2 -> 0
A11: W1NC | B11: B_1 | C11: C16:0 | D11: NC | E11: 1 | F11: 3439.147 | G11: =IFERROR(F11-'Alt Blanks'!$I$11,F11) -> 2633.9303 | H11: =IF(G11<0,0,G11) -> 2633.9303 | I11: =H11/2 -> 1316.9652
A12: W1NC | B12: B_1 | C12: C16:1 | D12: NC | E12: 1 | F12: 412.95174 | G12: =IFERROR(F12-'Alt Blanks'!$I$12,F12) -> 412.95174 | H12: =IF(G12<0,0,G12) -> 412.95174 | I12: =H12/2 -> 206.47587
A13: W1NC | B13: B_1 | C13: C17:0 | D13: NC | E13: 1 | F13: 12.402884 | G13: =IFERROR(F13-'Alt Blanks'!$I$13,F13) -> 11.55017 | H13: =IF(G13<0,0,G13) -> 11.55017 | I13: =H13/2 -> 5.7750851
A14: W1NC | B14: B_1 | C14: C17:1 | D14: NC | E14: 1 | F14: 13.942528 | G14: =IFERROR(F14-'Alt Blanks'!$I$14,F14) -> 13.942528 | H14: =IF(G14<0,0,G14) -> 13.942528 | I14: =H14/2 -> 6.9712641
A15: W1NC | B15: B_1 | C15: C18:0 | D15: NC | E15: 1 | F15: 546.45375 | G15: =IFERROR(F15-'Alt Blanks'!$I$15,F15) -> 277.83035 | H15: =IF(G15<0,0,G15) -> 277.83035 | I15: =H15/2 -> 138.91518
A16: W1NC | B16: B_1 | C16: C18:1 | D16: NC | E16: 1 | F16: 1231.4862 | G16: =IFERROR(F16-'Alt Blanks'!$I$16,F16) -> 1213.0203 | H16: =IF(G16<0,0,G16) -> 1213.0203 | I16: =H16/2 -> 606.51014
A17: W1NC | B17: B_1 | C17: C18:2(n-6t) | D17: NC | E17: 1 | F17: 0.2679868 | G17: =IFERROR(F17-'Alt Blanks'!$I$17,F17) -> -0.0639666 | H17: =IF(G17<0,0,G17) -> 0 | I17: =H17/2 -> 0
A18: W1NC | B18: B_1 | C18: C18:2(n-6c) | D18: NC | E18: 1 | F18: 1203.1442 | G18: =IFERROR(F18-'Alt Blanks'!$I$18,F18) -> 1197.1408 | H18: =IF(G18<0,0,G18) -> 1197.1408 | I18: =H18/2 -> 598.57039
A19: W1NC | B19: B_1 | C19: C18:3(n-6) | D19: NC | E19: 1 | F19: 104.46111 | G19: =IFERROR(F19-'Alt Blanks'!$I$19,F19) -> 104.46111 | H19: =IF(G19<0,0,G19) -> 104.46111 | I19: =H19/2 -> 52.230553
A20: W1NC | B20: B_1 | C20: C18:3(n-3) | D20: NC | E20: 1 | F20: 1589.8427 | G20: =IFERROR(F20-'Alt Blanks'!$I$20,F20) -> 1587.9048 | H20: =IF(G20<0,0,G20) -> 1587.9048 | I20: =H20/2 -> 793.95239
A21: W1NC | B21: B_1 | C21: C18:4(n-3) | D21: NC | E21: 1 | F21: 119.44329 | G21: =IFERROR(F21-'Alt Blanks'!$I$21,F21) -> 119.22878 | H21: =IF(G21<0,0,G21) -> 119.22878 | I21: =H21/2 -> 59.614392
A22: W1NC | B22: B_1 | C22: C20:0 | D22: NC | E22: 1 | F22: 38.12247 | G22: =IFERROR(F22-'Alt Blanks'!$I$22,F22) -> 36.527748 | H22: =IF(G22<0,0,G22) -> 36.527748 | I22: =H22/2 -> 18.263874
A23: W1NC | B23: B_1 | C23: C20:1 | D23: NC | E23: 1 | F23: 25.829834 | G23: =IFERROR(F23-'Alt Blanks'!$I$23,F23) -> 25.709096 | H23: =IF(G23<0,0,G23) -> 25.709096 | I23: =H23/2 -> 12.854548
A24: W1NC | B24: B_1 | C24: C20:2(n-6) | D24: NC | E24: 1 | F24: 17.306898 | G24: =IFERROR(F24-'Alt Blanks'!$I$24,F24) -> 17.059728 | H24: =IF(G24<0,0,G24) -> 17.059728 | I24: =H24/2 -> 8.5298642
A25: W1NC | B25: B_1 | C25: C20:3(n-6) | D25: NC | E25: 1 | F25: 4.9322325 | G25: =IFERROR(F25-'Alt Blanks'!$I$25,F25) -> 4.4599917 | H25: =IF(G25<0,0,G25) -> 4.4599917 | I25: =H25/2 -> 2.2299959
A26: W1NC | B26: B_1 | C26: C20:4(n-6) | D26: NC | E26: 1 | F26: 34.410478 | G26: =IFERROR(F26-'Alt Blanks'!$I$26,F26) -> 33.830302 | H26: =IF(G26<0,0,G26) -> 33.830302 | I26: =H26/2 -> 16.915151
A27: W1NC | B27: B_1 | C27: C20:3(n-3) | D27: NC | E27: 1 | F27: 0 | G27: =IFERROR(F27-'Alt Blanks'!$I$27,F27) -> 0 | H27: =IF(G27<0,0,G27) -> 0 | I27: =H27/2 -> 0
A28: W1NC | B28: B_1 | C28: C21:0 | D28: NC | E28: 1 | F28: 0 | G28: =IFERROR(F28-'Alt Blanks'!$I$28,F28) -> 0 | H28: =IF(G28<0,0,G28) -> 0 | I28: =H28/2 -> 0
A29: W1NC | B29: B_1 | C29: C20:5(n-3) | D29: NC | E29: 1 | F29: 93.22772 | G29: =IFERROR(F29-'Alt Blanks'!$I$29,F29) -> 92.616099 | H29: =IF(G29<0,0,G29) -> 92.616099 | I29: =H29/2 -> 46.30805
A30: W1NC | B30: B_1 | C30: C22:0 | D30: NC | E30: 1 | F30: 7.7498568 | G30: =IFERROR(F30-'Alt Blanks'!$I$30,F30) -> 7.7498568 | H30: =IF(G30<0,0,G30) -> 7.7498568 | I30: =H30/2 -> 3.8749284
A31: W1NC | B31: B_1 | C31: C22:1 | D31: NC | E31: 1 | F31: 72.88725 | G31: =IFERROR(F31-'Alt Blanks'!$I$31,F31) -> -29.567383 | H31: =IF(G31<0,0,G31) -> 0 | I31: =H31/2 -> 0
A32: W1NC | B32: B_1 | C32: C22:2 | D32: NC | E32: 1 | F32: 1.9283764 | G32: =IFERROR(F32-'Alt Blanks'!$I$32,F32) -> 0.0008079 | H32: =IF(G32<0,0,G32) -> 0.0008079 | I32: =H32/2 -> 0.00040395
A33: W1NC | B33: B_1 | C33: C22:5(n-3) | D33: NC | E33: 1 | F33: 0 | G33: =IFERROR(F33-'Alt Blanks'!$I$33,F33) -> 0 | H33: =IF(G33<0,0,G33) -> 0 | I33: =H33/2 -> 0
A34: W1NC | B34: B_1 | C34: C22:6(n-3) | D34: NC | E34: 1 | F34: 5.6614434 | G34: =IFERROR(F34-'Alt Blanks'!$I$34,F34) -> 5.6614434 | H34: =IF(G34<0,0,G34) -> 5.6614434 | I34: =H34/2 -> 2.8307217
A35: W1NC | B35: B_1 | C35: C24:0 | D35: NC | E35: 1 | F35: 64.036196 | G35: =IFERROR(F35-'Alt Blanks'!$I$35,F35) -> 64.036196 | H35: =IF(G35<0,0,G35) -> 64.036196 | I35: =H35/2 -> 32.018098
A36: W1NC | B36: B_1 | C36: C24:1 | D36: NC | E36: 1 | F36: 0 | G36: =IFERROR(F36-'Alt Blanks'!$I$36,F36) -> 0 | H36: =IF(G36<0,0,G36) -> 0 | I36: =H36/2 -> 0
A37: W1Cip | B37: B_2 | C37: C08:0 | D37: Cip | E37: 1 | F37: 6.7110905 | G37: =IFERROR(F37-'Alt Blanks'!$I$2,F37) -> 0.0045494 | H37: =IF(G37<0,0,G37) -> 0.0045494 | I37: =H37/2 -> 0.0022747
A38: W1Cip | B38: B_2 | C38: C10:0 | D38: Cip | E38: 1 | F38: 0 | G38: =IFERROR(F38-'Alt Blanks'!$I$3,F38) -> 0 | H38: =IF(G38<0,0,G38) -> 0 | I38: =H38/2 -> 0
A39: W1Cip | B39: B_2 | C39: C11:0 | D39: Cip | E39: 1 | F39: 0 | G39: =IFERROR(F39-'Alt Blanks'!$I$4,F39) -> 0 | H39: =IF(G39<0,0,G39) -> 0 | I39: =H39/2 -> 0
A40: W1Cip | B40: B_2 | C40: C12:0 | D40: Cip | E40: 1 | F40: 3.4789967 | G40: =IFERROR(F40-'Alt Blanks'!$I$5,F40) -> 3.4789967 | H40: =IF(G40<0,0,G40) -> 3.4789967 | I40: =H40/2 -> 1.7394984
A41: W1Cip | B41: B_2 | C41: C13:0 | D41: Cip | E41: 1 | F41: 76.516699 | G41: =IFERROR(F41-'Alt Blanks'!$I$6,F41) -> 76.516699 | H41: =IF(G41<0,0,G41) -> 76.516699 | I41: =H41/2 -> 38.258349
A42: W1Cip | B42: B_2 | C42: C14:0 | D42: Cip | E42: 1 | F42: 268.58298 | G42: =IFERROR(F42-'Alt Blanks'!$I$7,F42) -> 268.58298 | H42: =IF(G42<0,0,G42) -> 268.58298 | I42: =H42/2 -> 134.29149
A43: W1Cip | B43: B_2 | C43: C14:1 | D43: Cip | E43: 1 | F43: 0 | G43: =IFERROR(F43-'Alt Blanks'!$I$8,F43) -> 0 | H43: =IF(G43<0,0,G43) -> 0 | I43: =H43/2 -> 0
A44: W1Cip | B44: B_2 | C44: C15:0 | D44: Cip | E44: 1 | F44: 11.52557 | G44: =IFERROR(F44-'Alt Blanks'!$I$9,F44) -> 11.52557 | H44: =IF(G44<0,0,G44) -> 11.52557 | I44: =H44/2 -> 5.7627848
A45: W1Cip | B45: B_2 | C45: C15:1 | D45: Cip | E45: 1 | F45: 0 | G45: =IFERROR(F45-'Alt Blanks'!$I$10,F45) -> 0 | H45: =IF(G45<0,0,G45) -> 0 | I45: =H45/2 -> 0
A46: W1Cip | B46: B_2 | C46: C16:0 | D46: Cip | E46: 1 | F46: 2916.7312 | G46: =IFERROR(F46-'Alt Blanks'!$I$11,F46) -> 2111.5145 | H46: =IF(G46<0,0,G46) -> 2111.5145 | I46: =H46/2 -> 1055.7573
A47: W1Cip | B47: B_2 | C47: C16:1 | D47: Cip | E47: 1 | F47: 522.45979 | G47: =IFERROR(F47-'Alt Blanks'!$I$12,F47) -> 522.45979 | H47: =IF(G47<0,0,G47) -> 522.45979 | I47: =H47/2 -> 261.2299
A48: W1Cip | B48: B_2 | C48: C17:0 | D48: Cip | E48: 1 | F48: 8.0118439 | G48: =IFERROR(F48-'Alt Blanks'!$I$13,F48) -> 7.1591304 | H48: =IF(G48<0,0,G48) -> 7.1591304 | I48: =H48/2 -> 3.5795652
A49: W1Cip | B49: B_2 | C49: C17:1 | D49: Cip | E49: 1 | F49: 12.793673 | G49: =IFERROR(F49-'Alt Blanks'!$I$14,F49) -> 12.793673 | H49: =IF(G49<0,0,G49) -> 12.793673 | I49: =H49/2 -> 6.3968364
A50: W1Cip | B50: B_2 | C50: C18:0 | D50: Cip | E50: 1 | F50: 350.5572 | G50: =IFERROR(F50-'Alt Blanks'!$I$15,F50) -> 81.933803 | H50: =IF(G50<0,0,G50) -> 81.933803 | I50: =H50/2 -> 40.966901
A51: W1Cip | B51: B_2 | C51: C18:1 | D51: Cip | E51: 1 | F51: 874.31959 | G51: =IFERROR(F51-'Alt Blanks'!$I$16,F51) -> 855.85368 | H51: =IF(G51<0,0,G51) -> 855.85368 | I51: =H51/2 -> 427.92684
A52: W1Cip | B52: B_2 | C52: C18:2(n-6t) | D52: Cip | E52: 1 | F52: 0 | G52: =IFERROR(F52-'Alt Blanks'!$I$17,F52) -> -0.3319534 | H52: =IF(G52<0,0,G52) -> 0 | I52: =H52/2 -> 0
A53: W1Cip | B53: B_2 | C53: C18:2(n-6c) | D53: Cip | E53: 1 | F53: 1061.4238 | G53: =IFERROR(F53-'Alt Blanks'!$I$18,F53) -> 1055.4204 | H53: =IF(G53<0,0,G53) -> 1055.4204 | I53: =H53/2 -> 527.71018
A54: W1Cip | B54: B_2 | C54: C18:3(n-6) | D54: Cip | E54: 1 | F54: 144.85454 | G54: =IFERROR(F54-'Alt Blanks'!$I$19,F54) -> 144.85454 | H54: =IF(G54<0,0,G54) -> 144.85454 | I54: =H54/2 -> 72.427269
A55: W1Cip | B55: B_2 | C55: C18:3(n-3) | D55: Cip | E55: 1 | F55: 1271.6817 | G55: =IFERROR(F55-'Alt Blanks'!$I$20,F55) -> 1269.7437 | H55: =IF(G55<0,0,G55) -> 1269.7437 | I55: =H55/2 -> 634.87184
A56: W1Cip | B56: B_2 | C56: C18:4(n-3) | D56: Cip | E56: 1 | F56: 132.03142 | G56: =IFERROR(F56-'Alt Blanks'!$I$21,F56) -> 131.81691 | H56: =IF(G56<0,0,G56) -> 131.81691 | I56: =H56/2 -> 65.908454
A57: W1Cip | B57: B_2 | C57: C20:0 | D57: Cip | E57: 1 | F57: 33.025972 | G57: =IFERROR(F57-'Alt Blanks'!$I$22,F57) -> 31.43125 | H57: =IF(G57<0,0,G57) -> 31.43125 | I57: =H57/2 -> 15.715625
A58: W1Cip | B58: B_2 | C58: C20:1 | D58: Cip | E58: 1 | F58: 12.245436 | G58: =IFERROR(F58-'Alt Blanks'!$I$23,F58) -> 12.124698 | H58: =IF(G58<0,0,G58) -> 12.124698 | I58: =H58/2 -> 6.0623492
A59: W1Cip | B59: B_2 | C59: C20:2(n-6) | D59: Cip | E59: 1 | F59: 51.282989 | G59: =IFERROR(F59-'Alt Blanks'!$I$24,F59) -> 51.035819 | H59: =IF(G59<0,0,G59) -> 51.035819 | I59: =H59/2 -> 25.517909
A60: W1Cip | B60: B_2 | C60: C20:3(n-6) | D60: Cip | E60: 1 | F60: 10.875138 | G60: =IFERROR(F60-'Alt Blanks'!$I$25,F60) -> 10.402897 | H60: =IF(G60<0,0,G60) -> 10.402897 | I60: =H60/2 -> 5.2014485
A61: W1Cip | B61: B_2 | C61: C20:4(n-6) | D61: Cip | E61: 1 | F61: 55.359025 | G61: =IFERROR(F61-'Alt Blanks'!$I$26,F61) -> 54.778849 | H61: =IF(G61<0,0,G61) -> 54.778849 | I61: =H61/2 -> 27.389424
A62: W1Cip | B62: B_2 | C62: C20:3(n-3) | D62: Cip | E62: 1 | F62: 9.1917089 | G62: =IFERROR(F62-'Alt Blanks'!$I$27,F62) -> 9.1917089 | H62: =IF(G62<0,0,G62) -> 9.1917089 | I62: =H62/2 -> 4.5958545
A63: W1Cip | B63: B_2 | C63: C21:0 | D63: Cip | E63: 1 | F63: 0 | G63: =IFERROR(F63-'Alt Blanks'!$I$28,F63) -> 0 | H63: =IF(G63<0,0,G63) -> 0 | I63: =H63/2 -> 0
A64: W1Cip | B64: B_2 | C64: C20:5(n-3) | D64: Cip | E64: 1 | F64: 133.89221 | G64: =IFERROR(F64-'Alt Blanks'!$I$29,F64) -> 133.28059 | H64: =IF(G64<0,0,G64) -> 133.28059 | I64: =H64/2 -> 66.640294
A65: W1Cip | B65: B_2 | C65: C22:0 | D65: Cip | E65: 1 | F65: 9.4802548 | G65: =IFERROR(F65-'Alt Blanks'!$I$30,F65) -> 9.4802548 | H65: =IF(G65<0,0,G65) -> 9.4802548 | I65: =H65/2 -> 4.7401274
A66: W1Cip | B66: B_2 | C66: C22:1 | D66: Cip | E66: 1 | F66: 61.976931 | G66: =IFERROR(F66-'Alt Blanks'!$I$31,F66) -> -40.477703 | H66: =IF(G66<0,0,G66) -> 0 | I66: =H66/2 -> 0
A67: W1Cip | B67: B_2 | C67: C22:2 | D67: Cip | E67: 1 | F67: 1.9349927 | G67: =IFERROR(F67-'Alt Blanks'!$I$32,F67) -> 0.0074242 | H67: =IF(G67<0,0,G67) -> 0.0074242 | I67: =H67/2 -> 0.0037121
A68: W1Cip | B68: B_2 | C68: C22:5(n-3) | D68: Cip | E68: 1 | F68: 0.4411186 | G68: =IFERROR(F68-'Alt Blanks'!$I$33,F68) -> 0.4411186 | H68: =IF(G68<0,0,G68) -> 0.4411186 | I68: =H68/2 -> 0.2205593
A69: W1Cip | B69: B_2 | C69: C22:6(n-3) | D69: Cip | E69: 1 | F69: 14.584281 | G69: =IFERROR(F69-'Alt Blanks'!$I$34,F69) -> 14.584281 | H69: =IF(G69<0,0,G69) -> 14.584281 | I69: =H69/2 -> 7.2921406
A70: W1Cip | B70: B_2 | C70: C24:0 | D70: Cip | E70: 1 | F70: 98.077004 | G70: =IFERROR(F70-'Alt Blanks'!$I$35,F70) -> 98.077004 | H70: =IF(G70<0,0,G70) -> 98.077004 | I70: =H70/2 -> 49.038502
A71: W1Cip | B71: B_2 | C71: C24:1 | D71: Cip | E71: 1 | F71: 0 | G71: =IFERROR(F71-'Alt Blanks'!$I$36,F71) -> 0 | H71: =IF(G71<0,0,G71) -> 0 | I71: =H71/2 -> 0
A72: W1Pro | B72: B_3 | C72: C08:0 | D72: Pro | E72: 1 | F72: 6.4875883 | G72: =IFERROR(F72-'Alt Blanks'!$I$2,F72) -> -0.2189528 | H72: =IF(G72<0,0,G72) -> 0 | I72: =H72/2 -> 0
A73: W1Pro | B73: B_3 | C73: C10:0 | D73: Pro | E73: 1 | F73: 10.972772 | G73: =IFERROR(F73-'Alt Blanks'!$I$3,F73) -> 10.972772 | H73: =IF(G73<0,0,G73) -> 10.972772 | I73: =H73/2 -> 5.4863859
A74: W1Pro | B74: B_3 | C74: C11:0 | D74: Pro | E74: 1 | F74: 1.0574169 | G74: =IFERROR(F74-'Alt Blanks'!$I$4,F74) -> 1.0574169 | H74: =IF(G74<0,0,G74) -> 1.0574169 | I74: =H74/2 -> 0.52870845
A75: W1Pro | B75: B_3 | C75: C12:0 | D75: Pro | E75: 1 | F75: 24.59341 | G75: =IFERROR(F75-'Alt Blanks'!$I$5,F75) -> 24.59341 | H75: =IF(G75<0,0,G75) -> 24.59341 | I75: =H75/2 -> 12.296705
A76: W1Pro | B76: B_3 | C76: C13:0 | D76: Pro | E76: 1 | F76: 92.250923 | G76: =IFERROR(F76-'Alt Blanks'!$I$6,F76) -> 92.250923 | H76: =IF(G76<0,0,G76) -> 92.250923 | I76: =H76/2 -> 46.125461
A77: W1Pro | B77: B_3 | C77: C14:0 | D77: Pro | E77: 1 | F77: 280.7981 | G77: =IFERROR(F77-'Alt Blanks'!$I$7,F77) -> 280.7981 | H77: =IF(G77<0,0,G77) -> 280.7981 | I77: =H77/2 -> 140.39905
A78: W1Pro | B78: B_3 | C78: C14:1 | D78: Pro | E78: 1 | F78: 0 | G78: =IFERROR(F78-'Alt Blanks'!$I$8,F78) -> 0 | H78: =IF(G78<0,0,G78) -> 0 | I78: =H78/2 -> 0
A79: W1Pro | B79: B_3 | C79: C15:0 | D79: Pro | E79: 1 | F79: 16.017327 | G79: =IFERROR(F79-'Alt Blanks'!$I$9,F79) -> 16.017327 | H79: =IF(G79<0,0,G79) -> 16.017327 | I79: =H79/2 -> 8.0086634
A80: W1Pro | B80: B_3 | C80: C15:1 | D80: Pro | E80: 1 | F80: 0 | G80: =IFERROR(F80-'Alt Blanks'!$I$10,F80) -> 0 | H80: =IF(G80<0,0,G80) -> 0 | I80: =H80/2 -> 0
A81: W1Pro | B81: B_3 | C81: C16:0 | D81: Pro | E81: 1 | F81: 3781.7041 | G81: =IFERROR(F81-'Alt Blanks'!$I$11,F81) -> 2976.4875 | H81: =IF(G81<0,0,G81) -> 2976.4875 | I81: =H81/2 -> 1488.2437
A82: W1Pro | B82: B_3 | C82: C16:1 | D82: Pro | E82: 1 | F82: 399.96856 | G82: =IFERROR(F82-'Alt Blanks'!$I$12,F82) -> 399.96856 | H82: =IF(G82<0,0,G82) -> 399.96856 | I82: =H82/2 -> 199.98428
A83: W1Pro | B83: B_3 | C83: C17:0 | D83: Pro | E83: 1 | F83: 20.891149 | G83: =IFERROR(F83-'Alt Blanks'!$I$13,F83) -> 20.038436 | H83: =IF(G83<0,0,G83) -> 20.038436 | I83: =H83/2 -> 10.019218
A84: W1Pro | B84: B_3 | C84: C17:1 | D84: Pro | E84: 1 | F84: 10.632386 | G84: =IFERROR(F84-'Alt Blanks'!$I$14,F84) -> 10.632386 | H84: =IF(G84<0,0,G84) -> 10.632386 | I84: =H84/2 -> 5.3161928
A85: W1Pro | B85: B_3 | C85: C18:0 | D85: Pro | E85: 1 | F85: 1125.713 | G85: =IFERROR(F85-'Alt Blanks'!$I$15,F85) -> 857.08956 | H85: =IF(G85<0,0,G85) -> 857.08956 | I85: =H85/2 -> 428.54478
A86: W1Pro | B86: B_3 | C86: C18:1 | D86: Pro | E86: 1 | F86: 916.77241 | G86: =IFERROR(F86-'Alt Blanks'!$I$16,F86) -> 898.30649 | H86: =IF(G86<0,0,G86) -> 898.30649 | I86: =H86/2 -> 449.15325
A87: W1Pro | B87: B_3 | C87: C18:2(n-6t) | D87: Pro | E87: 1 | F87: 0.3477937 | G87: =IFERROR(F87-'Alt Blanks'!$I$17,F87) -> 0.0158403 | H87: =IF(G87<0,0,G87) -> 0.0158403 | I87: =H87/2 -> 0.00792015
A88: W1Pro | B88: B_3 | C88: C18:2(n-6c) | D88: Pro | E88: 1 | F88: 1190.6025 | G88: =IFERROR(F88-'Alt Blanks'!$I$18,F88) -> 1184.5991 | H88: =IF(G88<0,0,G88) -> 1184.5991 | I88: =H88/2 -> 592.29954
A89: W1Pro | B89: B_3 | C89: C18:3(n-6) | D89: Pro | E89: 1 | F89: 6.107708 | G89: =IFERROR(F89-'Alt Blanks'!$I$19,F89) -> 6.107708 | H89: =IF(G89<0,0,G89) -> 6.107708 | I89: =H89/2 -> 3.053854
A90: W1Pro | B90: B_3 | C90: C18:3(n-3) | D90: Pro | E90: 1 | F90: 1884.9026 | G90: =IFERROR(F90-'Alt Blanks'!$I$20,F90) -> 1882.9647 | H90: =IF(G90<0,0,G90) -> 1882.9647 | I90: =H90/2 -> 941.48233
A91: W1Pro | B91: B_3 | C91: C18:4(n-3) | D91: Pro | E91: 1 | F91: 150.35204 | G91: =IFERROR(F91-'Alt Blanks'!$I$21,F91) -> 150.13754 | H91: =IF(G91<0,0,G91) -> 150.13754 | I91: =H91/2 -> 75.068768
A92: W1Pro | B92: B_3 | C92: C20:0 | D92: Pro | E92: 1 | F92: 54.27093 | G92: =IFERROR(F92-'Alt Blanks'!$I$22,F92) -> 52.676208 | H92: =IF(G92<0,0,G92) -> 52.676208 | I92: =H92/2 -> 26.338104
A93: W1Pro | B93: B_3 | C93: C20:1 | D93: Pro | E93: 1 | F93: 0 | G93: =IFERROR(F93-'Alt Blanks'!$I$23,F93) -> -0.1207374 | H93: =IF(G93<0,0,G93) -> 0 | I93: =H93/2 -> 0
A94: W1Pro | B94: B_3 | C94: C20:2(n-6) | D94: Pro | E94: 1 | F94: 19.658987 | G94: =IFERROR(F94-'Alt Blanks'!$I$24,F94) -> 19.411817 | H94: =IF(G94<0,0,G94) -> 19.411817 | I94: =H94/2 -> 9.7059087
A95: W1Pro | B95: B_3 | C95: C20:3(n-6) | D95: Pro | E95: 1 | F95: 5.191386 | G95: =IFERROR(F95-'Alt Blanks'!$I$25,F95) -> 4.7191452 | H95: =IF(G95<0,0,G95) -> 4.7191452 | I95: =H95/2 -> 2.3595726
A96: W1Pro | B96: B_3 | C96: C20:4(n-6) | D96: Pro | E96: 1 | F96: 40.570802 | G96: =IFERROR(F96-'Alt Blanks'!$I$26,F96) -> 39.990626 | H96: =IF(G96<0,0,G96) -> 39.990626 | I96: =H96/2 -> 19.995313
A97: W1Pro | B97: B_3 | C97: C20:3(n-3) | D97: Pro | E97: 1 | F97: 7.5946672 | G97: =IFERROR(F97-'Alt Blanks'!$I$27,F97) -> 7.5946672 | H97: =IF(G97<0,0,G97) -> 7.5946672 | I97: =H97/2 -> 3.7973336
A98: W1Pro | B98: B_3 | C98: C21:0 | D98: Pro | E98: 1 | F98: 0 | G98: =IFERROR(F98-'Alt Blanks'!$I$28,F98) -> 0 | H98: =IF(G98<0,0,G98) -> 0 | I98: =H98/2 -> 0
A99: W1Pro | B99: B_3 | C99: C20:5(n-3) | D99: Pro | E99: 1 | F99: 140.17136 | G99: =IFERROR(F99-'Alt Blanks'!$I$29,F99) -> 139.55974 | H99: =IF(G99<0,0,G99) -> 139.55974 | I99: =H99/2 -> 69.779872
A100: W1Pro | B100: B_3 | C100: C22:0 | D100: Pro | E100: 1 | F100: 11.673013 | G100: =IFERROR(F100-'Alt Blanks'!$I$30,F100) -> 11.673013 | H100: =IF(G100<0,0,G100) -> 11.673013 | I100: =H100/2 -> 5.8365067
...

Sheet Alt Blanks
A1: Oldname | B1: RUNINFO | C1: Name | D1: Treatment | E1: Replicate | F1: FA_µg_sample | I1: median
A2: Blank1 | C2: C08:0 | F2: 6.7065411 | H2: C08:0 | I2: 6.7065411
A3: Blank1 | C3: C10:0 | F3: 4.5137455 | H3: C10:0 | I3: 0
A4: Blank1 | C4: C11:0 | F4: 0.5605737 | H4: C11:0 | I4: 0
A5: Blank1 | C5: C12:0 | F5: 16.079607 | H5: C12:0 | I5: 0
A6: Blank1 | C6: C13:0 | F6: 104.06352 | H6: C13:0 | I6: 0
A7: Blank1 | C7: C14:0 | F7: 28.730075 | H7: C14:0 | I7: 0
A8: Blank1 | C8: C14:1 | F8: 0 | H8: C14:1 | I8: 0
A9: Blank1 | C9: C15:0 | F9: 6.547856 | H9: C15:0 | I9: 0
A10: Blank1 | C10: C15:1 | F10: 0 | H10: C15:1 | I10: 0
A11: Blank1 | C11: C16:0 | F11: 1489.3189 | H11: C16:0 | I11: 805.21669
A12: Blank1 | C12: C16:1 | F12: 0 | H12: C16:1 | I12: 0
A13: Blank1 | C13: C17:0 | F13: 3.3850266 | H13: C17:0 | I13: 0.8527135
A14: Blank1 | C14: C17:1 | F14: NA | H14: C17:1 | I14: 0
A15: Blank1 | C15: C18:0 | F15: 448.63464 | H15: C18:0 | I15: 268.6234
A16: Blank1 | C16: C18:1 | F16: 16.423912 | H16: C18:1 | I16: 18.465913
A17: Blank1 | C17: C18:2(n-6t) | F17: 0.3319534 | H17: C18:2(n-6t) | I17: 0.3319534
A18: Blank1 | C18: C18:2(n-6c) | F18: 6.0034596 | H18: C18:2(n-6c) | I18: 6.0034596
A19: Blank1 | C19: C18:3(n-6) | F19: 0 | H19: C18:3(n-6) | I19: 0
A20: Blank1 | C20: C18:3(n-3) | F20: 1.9379754 | H20: C18:3(n-3) | I20: 1.9379754
A21: Blank1 | C21: C18:4(n-3) | F21: 0.2145091 | H21: C18:4(n-3) | I21: 0.2145091
A22: Blank1 | C22: C20:0 | F22: 8.752849 | H22: C20:0 | I22: 1.5947214
A23: Blank1 | C23: C20:1 | F23: 0.1493779 | H23: C20:1 | I23: 0.1207374
A24: Blank1 | C24: C20:2(n-6) | F24: 0.2437476 | H24: C20:2(n-6) | I24: 0.2471696
A25: Blank1 | C25: C20:3(n-6) | F25: 0.4401581 | H25: C20:3(n-6) | I25: 0.4722408
A26: Blank1 | C26: C20:4(n-6) | F26: 0.5801763 | H26: C20:4(n-6) | I26: 0.5801763
A27: Blank1 | C27: C20:3(n-3) | F27: NA | H27: C20:3(n-3) | I27: #N/A
A28: Blank1 | C28: C21:0 | F28: 0.0007524 | H28: C21:0 | I28: 0
A29: Blank1 | C29: C20:5(n-3) | F29: 0.535825 | H29: C20:5(n-3) | I29: 0.611621
A30: Blank1 | C30: C22:0 | F30: 0 | H30: C22:0 | I30: 0
A31: Blank1 | C31: C22:1 | F31: 165.91263 | H31: C22:1 | I31: 102.45463
A32: Blank1 | C32: C22:2 | F32: 1.9244387 | H32: C22:2 | I32: 1.9275685
A33: Blank1 | C33: C22:5(n-3) | F33: 0 | H33: C22:5(n-3) | I33: 0
A34: Blank1 | C34: C22:6(n-3) | F34: 0 | H34: C22:6(n-3) | I34: 0
A35: Blank1 | C35: C24:0 | F35: 6.9332251 | H35: C24:0 | I35: 0
A36: Blank1 | C36: C24:1 | F36: 0 | H36: C24:1 | I36: 0
A37: Blank2 | C37: C08:0 | F37: 6.7179712
A38: Blank2 | C38: C10:0 | F38: 0
A39: Blank2 | C39: C11:0 | F39: 0
A40: Blank2 | C40: C12:0 | F40: 0
A41: Blank2 | C41: C13:0 | F41: 0
A42: Blank2 | C42: C14:0 | F42: 0
A43: Blank2 | C43: C14:1 | F43: 0
A44: Blank2 | C44: C15:0 | F44: 0
A45: Blank2 | C45: C15:1 | F45: 0
A46: Blank2 | C46: C16:0 | F46: 724.1468
A47: Blank2 | C47: C16:1 | F47: 12.660918
A48: Blank2 | C48: C17:0 | F48: 0.7642981
... A61: Blank2 | C61: C20:4(n-6) | F61: 10.539918
A62: Blank2 | C62: C20:3(n-3) | F62: NA
A63: Blank2 | C63: C21:0 | F63: 0
A64: Blank2 | C64: C20:5(n-3) | F64: 13.649475
A65: Blank2 | C65: C22:0 | F65: 0
A66: Blank2 | C66: C22:1 | F66: 102.45463
A67: Blank2 | C67: C22:2 | F67: 1.966443
A68: Blank2 | C68: C22:5(n-3) | F68: 0
A69: Blank2 | C69: C22:6(n-3) | F69: 0
A70: Blank2 | C70: C24:0 | F70: 0
A71: Blank2 | C71: C24:1 | F71: 0
A72: Blank3 | C72: C08:0 | F72: 6.671278
A73: Blank3 | C73: C10:0 | F73: 0
A74: Blank3 | C74: C11:0 | F74: 0
... A96: Blank3 | C96: C20:4(n-6) | F96: 0.5551678
A97: Blank3 | C97: C20:3(n-3) | F97: NA
A98: Blank3 | C98: C21:0 | F98: 0
A99: Blank3 | C99: C20:5(n-3) | F99: 0.611621
A100: Blank3 | C100: C22:0 | F100: 0
A101: Blank3 | C101: C22:1 | F101: 47.341217
A102: Blank3 | C102: C22:2 | F102: 1.9275685
A103: Blank3 | C103: C22:5(n-3) | F103: 0
A104: Blank3 | C104: C22:6(n-3) | F104: 0
A105: Blank3 | C105: C24:0 | F105: 0
A106: Blank3 | C106: C24:1 | F106: 0

Sheet 22.10.2024 alles neu
A1: Oldname | B1: RUNINFO | C1: Name | D1: Treatment | E1: Week | F1: Alt FA_µg_sample | G1: Neu FA_µg_sample | H1: Neu FA_µg_sample | I1: negative values? | J1: µg_FA_per_mg
A2: W1NC | B2: B_1 | C2: C08:0 | D2: NC | E2: 1 | F2: 8.4897928 | G2: 0.76282936 | H2: 0.76282936 | I2: =IF(G2<0,0,G2) -> 0.76282936 | J2: =I2/2 -> 0.38141468
A3: W1NC | B3: B_1 | C3: C10:0 | D3: NC | E3: 1 | F3: 3.5278461 | G3: -0.094178237 | H3: -0.094178237 | I3: =IF(G3<0,0,G3) -> 0 | J3: =I3/2 -> 0 | M3: a) in Spalte FA_ug_sample, bei #NV Angabe stand in Patricks aufgeräumter Liste "ND"
A4: W1NC | B4: B_1 | C4: C11:0 | D4: NC | E4: 1 | F4: 0.2621582 | G4: 0.039129578 | H4: 0.039129578 | I4: =IF(G4<0,0,G4) -> 0.039129578 | J4: =I4/2 -> 0.019564789 | M4: b) negative values set to 0 (as there was a data, but the blank median was higher)
A5: W1NC | B5: B_1 | C5: C12:0 | D5: NC | E5: 1 | F5: 17.347754 | G5: 7.5664663 | H5: 7.5664663 | I5: =IF(G5<0,0,G5) -> 7.5664663 | J5: =I5/2 -> 3.7832332
A6: W1NC | B6: B_1 | C6: C13:0 | D6: NC | E6: 1 | F6: 89.994023 | G6: 7.2420249 | H6: 7.2420249 | I6: =IF(G6<0,0,G6) -> 7.2420249 | J6: =I6/2 -> 3.6210124
A7: W1NC | B7: B_1 | C7: C14:0 | D7: NC | E7: 1 | F7: 260.69208 | G7: 68.378216 | H7: 68.378216 | I7: =IF(G7<0,0,G7) -> 68.378216 | J7: =I7/2 -> 34.189108
A8: W1NC | B8: B_1 | C8: C14:1 | D8: NC | E8: 1 | F8: 0 | G8: -0.021516307 | H8: -0.021516307 | I8: =IF(G8<0,0,G8) -> 0 | J8: =I8/2 -> 0
A9: W1NC | B9: B_1 | C9: C15:0 | D9: NC | E9: 1 | F9: 11.053502 | G9: 0.19931254 | H9: 0.19931254 | I9: =IF(G9<0,0,G9) -> 0.19931254 | J9: =I9/2 -> 0.099656271
A10: W1NC | B10: B_1 | C10: C15:1 | D10: NC | E10: 1 | F10: 0 | G10: 0.90598315 | H10: 0.90598315 | I10: =IF(G10<0,0,G10) -> 0.90598315 | J10: =I10/2 -> 0.45299158
A11: W1NC | B11: B_1 | C11: C16:0 | D11: NC | E11: 1 | F11: 3439.147 | G11: 250.68685 | H11: 250.68685 | I11: =IF(G11<0,0,G11) -> 250.68685 | J11: =I11/2 -> 125.34343
A12: W1NC | B12: B_1 | C12: C16:1 | D12: NC | E12: 1 | F12: 412.95174 | G12: 103.78202 | H12: 103.78202 | I12: =IF(G12<0,0,G12) -> 103.78202 | J12: =I12/2 -> 51.891008
A13: W1NC | B13: B_1 | C13: C17:1 | D13: NC | E13: 1 | F13: 13.942528 | G13: 2.9522131 | H13: 2.9522131 | I13: =IF(G13<0,0,G13) -> 2.9522131 | J13: =I13/2 -> 1.4761066
A14: W1NC | B14: B_1 | C14: C18:0 | D14: NC | E14: 1 | F14: 546.45375 | G14: 44.748065 | H14: 44.748065 | I14: =IF(G14<0,0,G14) -> 44.748065 | J14: =I14/2 -> 22.374032
A15: W1NC | B15: B_1 | C15: C18:1 | D15: NC | E15: 1 | F15: 1231.4862 | G15: 14.15372 | H15: 14.15372 | I15: =IF(G15<0,0,G15) -> 14.15372 | J15: =I15/2 -> 7.0768598
A16: W1NC | B16: B_1 | C16: C18:2(n-6t) | D16: NC | E16: 1 | F16: 0.2679868 | G16: 109.55238 | H16: 109.55238 | I16: =IF(G16<0,0,G16) -> 109.55238 | J16: =I16/2 -> 54.776192
... A309: W3Cip | B309: B_10 | C309: C10:0 | D309: Cip | E309: 3 | F309: 4.1247162 | G309: 0.089866979 | H309: 0.089866979 | I309: =IF(G309<0,0,G309) -> 0.089866979 | J309: =I309/2 -> 0.04493349
A310: W3Cip | B310: B_10 | C310: C11:0 | D310: Cip | E310: 3 | F310: #N/A | G310: 0.016703509 | H310: 0.016703509 | I310: =IF(G310<0,0,G310) -> 0.016703509 | J310: =I310/2 -> 0.0083517545
A311: W3Cip | B311: B_10 | C311: C12:0 | D311: Cip | E311: 3 | F311: 14.241061 | G311: 6.5955487 | H311: 6.5955487 | I311: =IF(G311<0,0,G311) -> 6.5955487 | J311: =I311/2 -> 3.2977743
A312: W3Cip | B312: B_10 | C312: C13:0 | D312: Cip | E312: 3 | F312: 116.72914 | G312: 9.3926011 | H312: 9.3926011 | I312: =IF(G312<0,0,G312) -> 9.3926011 | J312: =I312/2 -> 4.6963005
A313: W3Cip | B313: B_10 | C313: C14:0 | D313: Cip | E313: 3 | F313: 307.14897 | G313: 80.308787 | H313: 80.308787 | I313: =IF(G313<0,0,G313) -> 80.308787 | J313: =I313/2 -> 40.154393
A314: W3Cip | B314: B_10 | C314: C14:1 | D314: Cip | E314: 3 | F314: 0 | G314: 0.055098335 | H314: 0.055098335 | I314: =IF(G314<0,0,G314) -> 0.055098335 | J314: =I314/2 -> 0.027549168
A315: W3Cip | B315: B_10 | C315: C15:0 | D315: Cip | E315: 3 | F315: 15.876937 | G315: 0.76946538 | H315: 0.76946538 | I315: =IF(G315<0,0,G315) -> 0.76946538 | J315: =I315/2 -> 0.38473269
A316: W3Cip | B316: B_10 | C316: C15:1 | D316: Cip | E316: 3 | F316: 0 | G316: -0.053555463 | H316: -0.053555463 | I316: =IF(G316<0,0,G316) -> 0 | J316: =I316/2 -> 0
A317: W3Cip | B317: B_10 | C317: C16:0 | D317: Cip | E317: 3 | F317: 5408.4227 | G317: 394.31126 | H317: 394.31126 | I317: =IF(G317<0,0,G317) -> 394.31126 | J317: =I317/2 -> 197.15563
A318: W3Cip | B318: B_10 | C318: C16:1 | D318: Cip | E318: 3 | F318: 949.72925 | G318: 238.09212 | H318: 238.09212 | I318: =IF(G318<0,0,G318) -> 238.09212 | J318: =I318/2 -> 119.04606
A319: W3Cip | B319: B_10 | C319: C17:1 | D319: Cip | E319: 3 | F319: 20.971489 | G319: 4.3637172 | H319: 4.3637172 | I319: =IF(G319<0,0,G319) -> 4.3637172 | J319: =I319/2 -> 2.1818586
A320: W3Cip | B320: B_10 | C320: C18:0 | D320: Cip | E320: 3 | F320: 543.79472 | G320: 44.531956 | H320: 44.531956 | I320: =IF(G320<0,0,G320) -> 44.531956 | J320: =I320/2 -> 22.265978
A321: W3Cip | B321: B_10 | C321: C18:1 | D321: Cip | E321: 3 | F321: 1955.7333 | G321: 477.69422 | H321: 477.69422 | I321: =IF(G321<0,0,G321) -> 477.69422 | J321: =I321/2 -> 238.84711
A322: W3Cip | B322: B_10 | C322: C18:2(n-6t) | D322: Cip | E322: 3 | F322: 0 | G322: -0.17181211 | H322: -0.17181211 | I322: =IF(G322<0,0,G322) -> 0 | J322: =I322/2 -> 0
... A331: W3Cip | B331: B_10 | C331: C20:4(n-6) | D331: Cip | E331: 3 | F331: 112.97919 | G331: 13.985073 | H331: 13.985073 | I331: =IF(G331<0,0,G331) -> 13.985073 | J331: =I331/2 -> 6.9925363
A332: W3Cip | B332: B_10 | C332: C20:3(n-3) | D332: Cip | E332: 3 | F332: #N/A | G332: 0.066317454 | H332: 0.066317454 | I332: =IF(G332<0,0,G332) -> 0.066317454 | J332: =I332/2 -> 0.033158727
A333: W3Cip | B333: B_10 | C333: C21:0 | D333: Cip | E333: 3 | F333: 0 | G333: 0.034190319 | H333: 0.034190319 | I333: =IF(G333<0,0,G333) -> 0.034190319 | J333: =I333/2 -> 0.01709516
A334: W3Cip | B334: B_10 | C334: C20:5(n-3) | D334: Cip | E334: 3 | F334: 294.62663 | G334: 28.262679 | H334: 28.262679 | I334: =IF(G334<0,0,G334) -> 28.262679 | J334: =I334/2 -> 14.13134
A335: W3Cip | B335: B_10 | C335: C22:0 | D335: Cip | E335: 3 | F335: 1.5882031 | G335: 0.083489708 | H335: 0.083489708 | I335: =IF(G335<0,0,G335) -> 0.083489708 | J335: =I335/2 -> 0.041744854
A336: W3Cip | B336: B_10 | C336: C22:1 | D336: Cip | E336: 3 | F336: 94.49607 | G336: 29.326342 | H336: 29.326342 | I336: =IF(G336<0,0,G336) -> 29.326342 | J336: =I336/2 -> 14.663171
A337: W3Cip | B337: B_10 | C337: C22:2 | D337: Cip | E337: 3 | F337: 1.9322348 | G337: 0.17318383 | H337: 0.17318383 | I337: =IF(G337<0,0,G337) -> 0.17318383 | J337: =I337/2 -> 0.086591915
A338: W3Cip | B338: B_10 | C338: C22:5(n-3) | D338: Cip | E338: 3 | F338: 0.7963374 | G338: 0.47800243 | H338: 0.47800243 | I338: =IF(G338<0,0,G338) -> 0.47800243 | J338: =I338/2 -> 0.23900122
A339: W3Cip | B339: B_10 | C339: C22:6(n-3) | D339: Cip | E339: 3 | F339: 17.029595 | G339: 2.1000833 | H339: 2.1000833 | I339: =IF(G339<0,0,G339) -> 2.1000833 | J339: =I339/2 -> 1.0500416
A340: W3Cip | B340: B_10 | C340: C24:0 | D340: Cip | E340: 3 | F340: 108.88773 | G340: 4.3603965 | H340: 4.3603965 | I340: =IF(G340<0,0,G340) -> 4.3603965 | J340: =I340/2 -> 2.1801982
A341: W3Cip | B341: B_10 | C341: C24:1 | D341: Cip | E341: 3 | F341: 0 | G341: 1.2407829 | H341: 1.2407829 | I341: =IF(G341<0,0,G341) -> 1.2407829 | J341: =I341/2 -> 0.62039145
A342: W3Pro | B342: B_11 | C342: C08:0 | D342: Pro | E342: 3 | F342: 7.0501939 | G342: 0.76458242 | I342: =IF(G342<0,0,G342) -> 0.76458242 | J342: =I342/2 -> 0.38229121
A343: W3Pro | B343: B_11 | C343: C10:0 | D343: Pro | E343: 3 | F343: 4.0526835 | G343: 0.087289623 | I343: =IF(G343<0,0,G343) -> 0.087289623 | J343: =I343/2 -> 0.043644811
A344: W3Pro | B344: B_11 | C344: C11:0 | D344: Pro | E344: 3 | F344: 0 | G344: -0.029827353 | I344: =IF(G344<0,0,G344) -> 0 | J344: =I344/2 -> 0
A345: W3Pro | B345: B_11 | C345: C12:0 | D345: Pro | E345: 3 | F345: 21.264584 | G345: 8.7905725 | I345: =IF(G345<0,0,G345) -> 8.7905725 | J345: =I345/2 -> 4.3952863
A346: W3Pro | B346: B_11 | C346: C13:0 | D346: Pro | E346: 3 | F346: 131.61412 | G346: 10.589951 | I346: =IF(G346<0,0,G346) -> 10.589951 | J346: =I346/2 -> 5.2949753
A347: W3Pro | B347: B_11 | C347: C14:0 | D347: Pro | E347: 3 | F347: 398.01738 | G347: 103.64465 | I347: =IF(G347<0,0,G347) -> 103.64465 | J347: =I347/2 -> 51.822326
A348: W3Pro | B348: B_11 | C348: C14:1 | D348: Pro | E348: 3 | F348: 0 | G348: -0.0045826707 | I348: =IF(G348<0,0,G348) -> 0 | J348: =I348/2 -> 0
A349: W3Pro | B349: B_11 | C349: C15:0 | D349: Pro | E349: 3 | F349: 25.339976 | G349: 1.2226996 | I349: =IF(G349<0,0,G349) -> 1.2226996 | J349: =I349/2 -> 0.6113498
A350: W3Pro | B350: B_11 | C350: C15:1 | D350: Pro | E350: 3 | F350: 0 | G350: -0.054259975 | I350: =IF(G350<0,0,G350) -> 0 | J350: =I350/2 -> 0
A351: W3Pro | B351: B_11 | C351: C16:0 | D351: Pro | E351: 3 | F351: 7138.6246 | G351: 520.49938 | I351: =IF(G351<0,0,G351) -> 520.49938 | J351: =I351/2 -> 260.24969
A352: W3Pro | B352: B_11 | C352: C16:1 | D352: Pro | E352: 3 | F352: 1252.4399 | G352: 313.83505 | I352: =IF(G352<0,0,G352) -> 313.83505 | J352: =I352/2 -> 156.91753
A353: W3Pro | B353: B_11 | C353: C17:1 | D353: Pro | E353: 3 | F353: 0 | G353: -0.03826815 | I353: =IF(G353<0,0,G353) -> 0 | J353: =I353/2 -> 0
... A375: W3Pro | B375: B_11 | C375: C24:1 | D375: Pro | E375: 3 | F375: 0 | G375: -0.31141143 | I375: =IF(G375<0,0,G375) -> 0 | J375: =I375/2 -> 0
A376: W3Mix | B376: B_12 | C376: C08:0 | D376: Mix | E376: 3 | F376: 7.0170779 | G376: 0.76318839 | H376: 0.76318839 | I376: =IF(G376<0,0,G376) -> 0.76318839 | J376: =I376/2 -> 0.38159419
A377: W3Mix | B377: B_12 | C377: C10:0 | D377: Mix | E377: 3 | F377: 0 | G377: -0.081175141 | H377: -0.081175141 | I377: =IF(G377<0,0,G377) -> 0 | J377: =I377/2 -> 0
A378: W3Mix | B378: B_12 | C378: C11:0 | D378: Mix | E378: 3 | F378: #N/A | G378: -0.027535827 | H378: -0.027535827 | I378: =IF(G378<0,0,G378) -> 0 | J378: =I378/2 -> 0
A379: W3Mix | B379: B_12 | C379: C12:0 | D379: Mix | E379: 3 | F379: 14.062033 | G379: 6.5395975 | H379: 6.5395975 | I379: =IF(G379<0,0,G379) -> 6.5395975 | J379: =I379/2 -> 3.2697988
A380: W3Mix | B380: B_12 | C380: C13:0 | D380: Mix | E380: 3 | F380: 104.66005 | G380: 8.4217617 | H380: 8.4217617 | I380: =IF(G380<0,0,G380) -> 8.4217617 | J380: =I380/2 -> 4.2108808
A381: W3Mix | B381: B_12 | C381: C14:0 | D381: Mix | E381: 3 | F381: 228.45541 | G381: 60.099536 | H381: 60.099536 | I381: =IF(G381<0,0,G381) -> 60.099536 | J381: =I381/2 -> 30.049768
A382: W3Mix | B382: B_12 | C382: C14:1 | D382: Mix | E382: 3 | F382: 0 | G382: -0.064452374 | H382: -0.064452374 | I382: =IF(G382<0,0,G382) -> 0 | J382: =I382/2 -> 0
A383: W3Mix | B383: B_12 | C383: C15:0 | D383: Mix | E383: 3 | F383: 18.218657 | G383: 0.88162249 | H383: 0.88162249 | I383: =IF(G383<0,0,G383) -> 0.88162249 | J383: =I383/2 -> 0.44081125
A384: W3Mix | B384: B_12 | C384: C15:1 | D384: Mix | E384: 3 | F384: 3.6164395 | G384: 0.8237229 | H384: 0.8237229 | I384: =IF(G384<0,0,G384) -> 0.8237229 | J384: =I384/2 -> 0.41186145
A385: W3Mix | B385: B_12 | C385: C16:0 | D385: Mix | E385: 3 | F385: 7135.8009 | G385: 520.29345 | H385: 520.29345 | I385: =IF(G385<0,0,G385) -> 520.29345 | J385: =I385/2 -> 260.14672
A386: W3Mix | B386: B_12 | C386: C16:1 | D386: Mix | E386: 3 | F386: 672.07827 | G386: 168.61951 | H386: 168.61951 | I386: =IF(G386<0,0,G386) -> 168.61951 | J386: =I386/2 -> 84.309757
A387: W3Mix | B387: B_12 | C387: C17:1 | D387: Mix | E387: 3 | F387: 35.866235 | G387: 7.3547695 | H387: 7.3547695 | I387: =IF(G387<0,0,G387) -> 7.3547695 | J387: =I387/2 -> 3.6773848
A388: W3Mix | B388: B_12 | C388: C18:0 | D388: Mix | E388: 3 | F388: 645.73957 | G388: 52.817396 | H388: 52.817396 | I388: =IF(G388<0,0,G388) -> 52.817396 | J388: =I388/2 -> 26.408698
A389: W3Mix | B389: B_12 | C389: C18:1 | D389: Mix | E389: 3 | F389: 2472.5267 | G389: 603.74666 | H389: 603.74666 | I389: =IF(G389<0,0,G389) -> 603.74666 | J389: =I389/2 -> 301.87333
A390: W3Mix | B390: B_12 | C390: C18:2(n-6t) | D390: Mix | E390: 3 | F390: 3.7790925 | G390: 0.88771661 | H390: 0.88771661 | I390: =IF(G390<0,0,G390) -> 0.88771661 | J390: =I390/2 -> 0.4438583
... A409: W3Mix | B409: B_12 | C409: C24:1 | D409: Mix | E409: 3 | F409: 0 | G409: 2.6201361 | H409: 2.6201361 | I409: =IF(G409<0,0,G409) -> 2.6201361 | J409: =I409/2 -> 1.3100681

Sheet 09.03.2025 alles neu
A1: Oldname | B1: RUNINFO | C1: Name | D1: Treatment | E1: Week | F1: Alt FA_µg_sample | G1: Neu FA_µg_sample | H1: Neu FA_µg_sample | I1: negative values? | J1: µg_FA_per_mg
A2: W1NC | B2: B_1 | C2: C08:0 | D2: NC | E2: 1 | F2: 8.4897928 | G2: #N/A | H2: 0.76282936 | I2: =IF(G2<0,0,G2) -> #N/A | J2: =I2/2 -> #N/A
A3: W1NC | B3: B_1 | C3: C10:0 | D3: NC | E3: 1 | F3: 3.5278461 | G3: #N/A | H3: -0.094178237 | I3: =IF(G3<0,0,G3) -> #N/A | J3: =I3/2 -> #N/A | M3: a) in Spalte FA_ug_sample, bei #NV Angabe stand in Patricks aufgeräumter Liste "ND"
A4: W1NC | B4: B_1 | C4: C11:0 | D4: NC | E4: 1 | F4: 0.2621582 | G4: #N/A | H4: 0.039129578 | I4: =IF(G4<0,0,G4) -> #N/A | J4: =I4/2 -> #N/A | M4: b) negative values set to 0 (as there was a data, but the blank median was higher)
A5: W1NC | B5: B_1 | C5: C12:0 | D5: NC | E5: 1 | F5: 17.347754 | G5: 2.1392032 | H5: 7.5664663 | I5: =IF(G5<0,0,G5) -> 2.1392032 | J5: =I5/2 -> 1.0696016
A6: W1NC | B6: B_1 | C6: C13:0 | D6: NC | E6: 1 | F6: 89.994023 | G6: 8.6586979 | H6: 7.2420249 | I6: =IF(G6<0,0,G6) -> 8.6586979 | J6: =I6/2 -> 4.3293489
A7: W1NC | B7: B_1 | C7: C14:0 | D7: NC | E7: 1 | F7: 260.69208 | G7: 25.746439 | H7: 68.378216 | I7: =IF(G7<0,0,G7) -> 25.746439 | J7: =I7/2 -> 12.87322
A8: W1NC | B8: B_1 | C8: C14:1 | D8: NC | E8: 1 | F8: 0 | G8: #N/A | H8: -0.021516307 | I8: =IF(G8<0,0,G8) -> #N/A | J8: =I8/2 -> #N/A
A9: W1NC | B9: B_1 | C9: C15:0 | D9: NC | E9: 1 | F9: 11.053502 | G9: 1.5609963 | H9: 0.19931254 | I9: =IF(G9<0,0,G9) -> 1.5609963 | J9: =I9/2 -> 0.78049817
A10: W1NC | B10: B_1 | C10: C15:1 | D10: NC | E10: 1 | F10: 0 | G10: #N/A | H10: 0.90598315 | I10: =IF(G10<0,0,G10) -> #N/A | J10: =I10/2 -> #N/A
A11: W1NC | B11: B_1 | C11: C16:0 | D11: NC | E11: 1 | F11: 3439.147 | G11: 79.550237 | H11: 250.68685 | I11: =IF(G11<0,0,G11) -> 79.550237 | J11: =I11/2 -> 39.775118
A12: W1NC | B12: B_1 | C12: C16:1 | D12: NC | E12: 1 | F12: 412.95174 | G12: 34.756348 | H12: 103.78202 | I12: =IF(G12<0,0,G12) -> 34.756348 | J12: =I12/2 -> 17.378174
A13: W1NC | B13: B_1 | C13: C17:1 | D13: NC | E13: 1 | F13: 13.942528 | G13: 0.91435954 | H13: 2.9522131 | I13: =IF(G13<0,0,G13) -> 0.91435954 | J13: =I13/2 -> 0.45717977
A14: W1NC | B14: B_1 | C14: C18:0 | D14: NC | E14: 1 | F14: 546.45375 | G14: 43.94766 | H14: 44.748065 | I14: =IF(G14<0,0,G14) -> 43.94766 | J14: =I14/2 -> 21.97383
A15: W1NC | B15: B_1 | C15: C18:1 | D15: NC | E15: 1 | F15: 1231.4862 | G15: 156.19025 | H15: 14.15372 | I15: =IF(G15<0,0,G15) -> 156.19025 | J15: =I15/2 -> 78.095124
A16: W1NC | B16: B_1 | C16: C18:2(n-6t) | D16: NC | E16: 1 | F16: 0.2679868 | G16: #N/A | H16: 109.55238 | I16: =IF(G16<0,0,G16) -> #N/A | J16: =I16/2 -> #N/A
A17: W1NC | B17: B_1 | C17: C18:2(n-6c) | D17: NC | E17: 1 | F17: 1203.1442 | G17: 87.091349 | H17: 211.00127 | I17: =IF(G17<0,0,G17) -> 87.091349 | J17: =I17/2 -> 43.545675
A18: W1NC | B18: B_1 | C18: C18:3(n-6) | D18: NC | E18: 1 | F18: 104.46111 | G18: 6.472962 | H18: 15.620748 | I18: =IF(G18<0,0,G18) -> 6.472962 | J18: =I18/2 -> 3.236481
A19: W1NC | B19: B_1 | C19: C18:3(n-3) | D19: NC | E19: 1 | F19: 1589.8427 | G19: 32.312425 | H19: 45.501107 | I19: =IF(G19<0,0,G19) -> 32.312425 | J19: =I19/2 -> 16.156213
A20: W1NC | B20: B_1 | C20: C18:4(n-3) | D20: NC | E20: 1 | F20: 119.44329 | G20: 12.470841 | H20: 10.816488 | I20: =IF(G20<0,0,G20) -> 12.470841 | J20: =I20/2 -> 6.2354205
A21: W1NC | B21: B_1 | C21: C20:0 | D21: NC | E21: 1 | F21: 38.12247 | G21: 3.7749747 | H21: 1.0584745 | I21: =IF(G21<0,0,G21) -> 3.7749747 | J21: =I21/2 -> 1.8874874
A22: W1NC | B22: B_1 | C22: C20:1 | D22: NC | E22: 1 | F22: 25.829834 | G22: 5.7257133 | H22: 0.16806924 | I22: =IF(G22<0,0,G22) -> 5.7257133 | J22: =I22/2 -> 2.8628567
A23: W1NC | B23: B_1 | C23: C20:2(n-6) | D23: NC | E23: 1 | F23: 17.306898 | G23: 1.8324287 | H23: 5.0858632 | I23: =IF(G23<0,0,G23) -> 1.8324287 | J23: =I23/2 -> 0.91621436
A24: W1NC | B24: B_1 | C24: C20:3(n-6) | D24: NC | E24: 1 | F24: 4.9322325 | G24: 0.65366118 | H24: 0.77664578 | I24: =IF(G24<0,0,G24) -> 0.65366118 | J24: =I24/2 -> 0.32683059
A25: W1NC | B25: B_1 | C25: C20:4(n-6) | D25: NC | E25: 1 | F25: 34.410478 | G25: 1.2757594 | H25: 4.2546496 | I25: =IF(G25<0,0,G25) -> 1.2757594 | J25: =I25/2 -> 0.6378797
A26: W1NC | B26: B_1 | C26: C20:3(n-3) | D26: NC | E26: 1 | F26: 0 | G26: #N/A | H26: 2.6544927 | I26: =IF(G26<0,0,G26) -> #N/A | J26: =I26/2 -> #N/A
A27: W1NC | B27: B_1 | C27: C21:0 | D27: NC | E27: 1 | F27: 0 | G27: #N/A | H27: 0.042837186 | I27: =IF(G27<0,0,G27) -> #N/A | J27: =I27/2 -> #N/A
A28: W1NC | B28: B_1 | C28: C20:5(n-3) | D28: NC | E28: 1 | F28: 93.22772 | G28: 3.5899642 | H28: 4.547054 | I28: =IF(G28<0,0,G28) -> 3.5899642 | J28: =I28/2 -> 1.7949821
A29: W1NC | B29: B_1 | C29: C22:0 | D29: NC | E29: 1 | F29: 7.7498568 | G29: 1.5776484 | H29: 0.19184441 | I29: =IF(G29<0,0,G29) -> 1.5776484 | J29: =I29/2 -> 0.7888242
A30: W1NC | B30: B_1 | C30: C22:1 | D30: NC | E30: 1 | F30: 72.88725 | G30: 7.0346462 | H30: 22.483049 | I30: =IF(G30<0,0,G30) -> 7.0346462 | J30: =I30/2 -> 3.5173231
A31: W1NC | B31: B_1 | C31: C22:2 | D31: NC | E31: 1 | F31: 1.9283764 | G31: #N/A | H31: 0.17220419 | I31: =IF(G31<0,0,G31) -> #N/A | J31: =I31/2 -> #N/A
A32: W1NC | B32: B_1 | C32: C22:5(n-3) | D32: NC | E32: 1 | F32: 0 | G32: #N/A | H32: 0.13750299 | I32: =IF(G32<0,0,G32) -> #N/A | J32: =I32/2 -> #N/A
A33: W1NC | B33: B_1 | C33: C22:6(n-3) | D33: NC | E33: 1 | F33: 5.6614434 | G33: 0.63953228 | H33: 0.74847597 | I33: =IF(G33<0,0,G33) -> 0.63953228 | J33: =I33/2 -> 0.31976614
A34: W1NC | B34: B_1 | C34: C24:0 | D34: NC | E34: 1 | F34: 64.036196 | G34: 1.7327895 | H34: -0.10656165 | I34: =IF(G34<0,0,G34) -> 1.7327895 | J34: =I34/2 -> 0.86639477
A35: W1NC | B35: B_1 | C35: C24:1 | D35: NC | E35: 1 | F35: 0 | G35: #N/A | H35: 0.49007247 | I35: =IF(G35<0,0,G35) -> #N/A | J35: =I35/2 -> #N/A
A36: W1Cip | B36: B_2 | C36: C08:0 | D36: Cip | E36: 1 | F36: 6.7110905 | G36: #N/A | H36: 0.75030683 | I36: =IF(G36<0,0,G36) -> #N/A | J36: =I36/2 -> #N/A
A37: W1Cip | B37: B_2 | C37: C10:0 | D37: Cip | E37: 1 | F37: 0 | G37: #N/A | H37: -0.09978084 | I37: =IF(G37<0,0,G37) -> #N/A | J37: =I37/2 -> #N/A
A38: W1Cip | B38: B_2 | C38: C11:0 | D38: Cip | E38: 1 | F38: 0 | G38: #N/A | H38: -0.035037025 | I38: =IF(G38<0,0,G38) -> #N/A | J38: =I38/2 -> #N/A
A39: W1Cip | B39: B_2 | C39: C12:0 | D39: Cip | E39: 1 | F39: 3.4789967 | G39: 0.82426176 | H39: 3.2321375 | I39: =IF(G39<0,0,G39) -> 0.82426176 | J39: =I39/2 -> 0.41213088
A40: W1Cip | B40: B_2 | C40: C13:0 | D40: Cip | E40: 1 | F40: 76.516699 | G40: 7.7609377 | H40: 6.1579074 | I40: =IF(G40<0,0,G40) -> 7.7609377 | J40: =I40/2 -> 3.8804688
A41: W1Cip | B41: B_2 | C41: C14:0 | D41: Cip | E41: 1 | F41: 268.58298 | G41: 27.527194 | H41: 70.404676 | I41: =IF(G41<0,0,G41) -> 27.527194 | J41: =I41/2 -> 13.763597
A42: W1Cip | B42: B_2 | C42: C14:1 | D42: Cip | E42: 1 | F42: 0 | G42: #N/A | H42: -0.021516307 | I42: =IF(G42<0,0,G42) -> #N/A | J42: =I42/2 -> #N/A
A43: W1Cip | B43: B_2 | C43: C15:0 | D43: Cip | E43: 1 | F43: 11.52557 | G43: 1.7250024 | H43: 0.5610557 | I43: =IF(G43<0,0,G43) -> 1.7250024 | J43: =I43/2 -> 0.8625012
A44: W1Cip | B44: B_2 | C44: C15:1 | D44: Cip | E44: 1 | F44: 0 | G44: #N/A | H44: 0.20411463 | I44: =IF(G44<0,0,G44) -> #N/A | J44: =I44/2 -> #N/A
A45: W1Cip | B45: B_2 | C45: C16:0 | D45: Cip | E45: 1 | F45: 2916.7312 | G45: 71.141898 | H45: 212.58571 | I45: =IF(G45<0,0,G45) -> 71.141898 | J45: =I45/2 -> 35.570949
A46: W1Cip | B46: B_2 | C46: C16:1 | D46: Cip | E46: 1 | F46: 522.45979 | G46: 44.032066 | H46: 131.18264 | I46: =IF(G46<0,0,G46) -> 44.032066 | J46: =I46/2 -> 22.016033
A47: W1Cip | B47: B_2 | C47: C17:1 | D47: Cip | E47: 1 | F47: 12.793673 | G47: 0.91435954 | H47: 0.44569403 | I47: =IF(G47<0,0,G47) -> 0.91435954 | J47: =I47/2 -> 0.45717977
A48: W1Cip | B48: B_2 | C48: C18:0 | D48: Cip | E48: 1 | F48: 350.5572 | G48: 27.346948 | H48: 28.826817 | I48: =IF(G48<0,0,G48) -> 27.346948 | J48: =I48/2 -> 13.673474
A49: W1Cip | B49: B_2 | C49: C18:1 | D49: Cip | E49: 1 | F49: 874.31959 | G49: 107.83511 | H49: 1.821493 | I49: =IF(G49<0,0,G49) -> 107.83511 | J49: =I49/2 -> 53.917556
A50: W1Cip | B50: B_2 | C50: C18:2(n-6t) | D50: Cip | E50: 1 | F50: 0 | G50: #N/A | H50: 93.683024 | I50: =IF(G50<0,0,G50) -> #N/A | J50: =I50/2 -> #N/A
A51: W1Cip | B51: B_2 | C51: C18:2(n-6c) | D51: Cip | E51: 1 | F51: 1061.4238 | G51: 79.56039 | H51: 182.63687 | I51: =IF(G51<0,0,G51) -> 79.56039 | J51: =I51/2 -> 39.780195
A52: W1Cip | B52: B_2 | C52: C18:3(n-6) | D52: Cip | E52: 1 | F52: 144.85454 | G52: 9.4136802 | H52: 21.647845 | I52: =IF(G52<0,0,G52) -> 9.4136802 | J52: =I52/2 -> 4.7068401
A53: W1Cip | B53: B_2 | C53: C18:3(n-3) | D53: Cip | E53: 1 | F53: 1271.6817 | G53: 27.173634 | H53: 36.3916 | I53: =IF(G53<0,0,G53) -> 27.173634 | J53: =I53/2 -> 13.586817
A54: W1Cip | B54: B_2 | C54: C18:4(n-3) | D54: Cip | E54: 1 | F54: 132.03142 | G54: 14.514575 | H54: 11.94291 | I54: =IF(G54<0,0,G54) -> 14.514575 | J54: =I54/2 -> 7.2572875
A55: W1Cip | B55: B_2 | C55: C20:0 | D55: Cip | E55: 1 | F55: 33.025972 | G55: 3.3653621 | H55: 0.90514194 | I55: =IF(G55<0,0,G55) -> 3.3653621 | J55: =I55/2 -> 1.682681
A56: W1Cip | B56: B_2 | C56: C20:1 | D56: Cip | E56: 1 | F56: 12.245436 | G56: 3.4323858 | H56: 2.3280261 | I56: =IF(G56<0,0,G56) -> 3.4323858 | J56: =I56/2 -> 1.7161929
A57: W1Cip | B57: B_2 | C57: C20:2(n-6) | D57: Cip | E57: 1 | F57: 51.282989 | G57: 5.7174744 | H57: 15.048383 | I57: =IF(G57<0,0,G57) -> 5.7174744 | J57: =I57/2 -> 2.8587372
A58: W1Cip | B58: B_2 | C58: C20:3(n-6) | D58: Cip | E58: 1 | F58: 10.875138 | G58: 1.4292632 | H58: 3.2377899 | I58: =IF(G58<0,0,G58) -> 1.4292632 | J58: =I58/2 -> 0.71463158
A59: W1Cip | B59: B_2 | C59: C20:4(n-6) | D59: Cip | E59: 1 | F59: 55.359025 | G59: 2.2246913 | H59: 6.8490437 | I59: =IF(G59<0,0,G59) -> 2.2246913 | J59: =I59/2 -> 1.1123457
A60: W1Cip | B60: B_2 | C60: C20:3(n-3) | D60: Cip | E60: 1 | F60: 9.1917089 | G60: #N/A | H60: 0.40814954 | I60: =IF(G60<0,0,G60) -> #N/A | J60: =I60/2 -> #N/A
A61: W1Cip | B61: B_2 | C61: C21:0 | D61: Cip | E61: 1 | F61: 0 | G61: #N/A | H61: 0.24879984 | I61: =IF(G61<0,0,G61) -> #N/A | J61: =I61/2 -> #N/A
A62: W1Cip | B62: B_2 | C62: C20:5(n-3) | D62: Cip | E62: 1 | F62: 133.89221 | G62: 6.469887 | H62: 7.7948185 | I62: =IF(G62<0,0,G62) -> 6.469887 | J62: =I62/2 -> 3.2349435
A63: W1Cip | B63: B_2 | C63: C22:0 | D63: Cip | E63: 1 | F63: 9.4802548 | G63: 1.5782572 | H63: 2.6981383 | I63: =IF(G63<0,0,G63) -> 1.5782572 | J63: =I63/2 -> 0.78912861
A64: W1Cip | B64: B_2 | C64: C22:1 | D64: Cip | E64: 1 | F64: 61.976931 | G64: 6.3745606 | H64: 19.027863 | I64: =IF(G64<0,0,G64) -> 6.3745606 | J64: =I64/2 -> 3.1872803
A65: W1Cip | B65: B_2 | C65: C22:2 | D65: Cip | E65: 1 | F65: 1.9349927 | G65: #N/A | H65: 0.17388441 | I65: =IF(G65<0,0,G65) -> #N/A | J65: =I65/2 -> #N/A
A66: W1Cip | B66: B_2 | C66: C22:5(n-3) | D66: Cip | E66: 1 | F66: 0.4411186 | G66: #N/A | H66: 0.36365279 | I66: =IF(G66<0,0,G66) -> #N/A | J66: =I66/2 -> #N/A
A67: W1Cip | B67: B_2 | C67: C22:6(n-3) | D67: Cip | E67: 1 | F67: 14.584281 | G67: 1.6478286 | H67: 1.8093496 | I67: =IF(G67<0,0,G67) -> 1.6478286 | J67: =I67/2 -> 0.82391428
A68: W1Cip | B68: B_2 | C68: C24:0 | D68: Cip | E68: 1 | F68: 98.077004 | G68: 2.8944168 | H68: 3.8951123 | I68: =IF(G68<0,0,G68) -> 2.8944168 | J68: =I68/2 -> 1.4472084
A69: W1Cip | B69: B_2 | C69: C24:1 | D69: Cip | E69: 1 | F69: 0 | G69: #N/A | H69: 0.24450482 | I69: =IF(G69<0,0,G69) -> #N/A | J69: =I69/2 -> #N/A
A70: W1Pro | B70: B_3 | C70: C08:0 | D70: Pro | E70: 1 | F70: 6.4875883 | G70: #N/A | H70: 0.78371756 | I70: =IF(G70<0,0,G70) -> #N/A | J70: =I70/2 -> #N/A
A71: W1Pro | B71: B_3 | C71: C10:0 | D71: Pro | E71: 1 | F71: 10.972772 | G71: #N/A | H71: 0.33491054 | I71: =IF(G71<0,0,G71) -> #N/A | J71: =I71/2 -> #N/A
A72: W1Pro | B72: B_3 | C72: C11:0 | D72: Pro | E72: 1 | F72: 1.0574169 | G72: #N/A | H72: 0.078351723 | I72: =IF(G72<0,0,G72) -> #N/A | J72: =I72/2 -> #N/A
A73: W1Pro | B73: B_3 | C73: C12:0 | D73: Pro | E73: 1 | F73: 24.59341 | G73: 3.1250971 | H73: 9.8309127 | I73: =IF(G73<0,0,G73) -> 3.1250971 | J73: =I73/2 -> 1.5625485
A74: W1Pro | B74: B_3 | C74: C13:0 | D74: Pro | E74: 1 | F74: 92.250923 | G74: 9.2149559 | H74: 7.4235703 | I74: =IF(G74<0,0,G74) -> 9.2149559 | J74: =I74/2 -> 4.607478
A75: W1Pro | B75: B_3 | C75: C14:0 | D75: Pro | E75: 1 | F75: 280.7981 | G75: 9.9276415 | H75: 73.541632 | I75: =IF(G75<0,0,G75) -> 9.9276415 | J75: =I75/2 -> 4.9638208
A76: W1Pro | B76: B_3 | C76: C14:1 | D76: Pro | E76: 1 | F76: 0 | G76: #N/A | H76: -0.026116956 | I76: =IF(G76<0,0,G76) -> #N/A | J76: =I76/2 -> #N/A
A77: W1Pro | B77: B_3 | C77: C15:0 | D77: Pro | E77: 1 | F77: 16.017327 | G77: 2.4892342 | H77: 0.77618939 | I77: =IF(G77<0,0,G77) -> 2.4892342 | J77: =I77/2 -> 1.2446171
A78: W1Pro | B78: B_3 | C78: C15:1 | D78: Pro | E78: 1 | F78: 0 | G78: #N/A | H78: 0.16473304 | I78: =IF(G78<0,0,G78) -> #N/A | J78: =I78/2 -> #N/A
A79: W1Pro | B79: B_3 | C79: C16:0 | D79: Pro | E79: 1 | F79: 3781.7041 | G79: 25.491868 | H79: 275.67044 | I79: =IF(G79<0,0,G79) -> 25.491868 | J79: =I79/2 -> 12.745934
A80: W1Pro | B80: B_3 | C80: C16:1 | D80: Pro | E80: 1 | F80: 399.96856 | G80: 34.740163 | H80: 100.53342 | I80: =IF(G80<0,0,G80) -> 34.740163 | J80: =I80/2 -> 17.370082
A81: W1Pro | B81: B_3 | C81: C17:1 | D81: Pro | E81: 1 | F81: 10.632386 | G81: 0.6918658 | H81: 2.2874954 | I81: =IF(G81<0,0,G81) -> 0.6918658 | J81: =I81/2 -> 0.3459329
A82: W1Pro | B82: B_3 | C82: C18:0 | D82: Pro | E82: 1 | F82: 1125.713 | G82: 13.367493 | H82: 91.826634 | I82: =IF(G82<0,0,G82) -> 13.367493 | J82: =I82/2 -> 6.6837463
A83: W1Pro | B83: B_3 | C83: C18:1 | D83: Pro | E83: 1 | F83: 916.77241 | G83: 92.303961 | H83: 0.024954384 | I83: =IF(G83<0,0,G83) -> 92.303961 | J83: =I83/2 -> 46.15198
A84: W1Pro | B84: B_3 | C84: C18:2(n-6t) | D84: Pro | E84: 1 | F84: 0.3477937 | G84: #N/A | H84: 75.631288 | I84: =IF(G84<0,0,G84) -> #N/A | J84: =I84/2 -> #N/A
A85: W1Pro | B85: B_3 | C85: C18:2(n-6c) | D85: Pro | E85: 1 | F85: 1190.6025 | G85: 92.501807 | H85: 182.38922 | I85: =IF(G85<0,0,G85) -> 92.501807 | J85: =I85/2 -> 46.250903
A86: W1Pro | B86: B_3 | C86: C18:3(n-6) | D86: Pro | E86: 1 | F86: 6.107708 | G86: 7.0182409 | H86: 15.619794 | I86: =IF(G86<0,0,G86) -> 7.0182409 | J86: =I86/2 -> 3.5091204
A87: W1Pro | B87: B_3 | C87: C18:3(n-3) | D87: Pro | E87: 1 | F87: 1884.9026 | G87: 40.510986 | H87: 53.949187 | I87: =IF(G87<0,0,G87) -> 40.510986 | J87: =I87/2 -> 20.255493
A88: W1Pro | B88: B_3 | C88: C18:4(n-3) | D88: Pro | E88: 1 | F88: 150.35204 | G88: 16.858654 | H88: 13.582294 | I88: =IF(G88<0,0,G88) -> 16.858654 | J88: =I88/2 -> 8.4293268
A89: W1Pro | B89: B_3 | C89: C20:0 | D89: Pro | E89: 1 | F89: 54.27093 | G89: 5.9202491 | H89: 1.4729593 | I89: =IF(G89<0,0,G89) -> 5.9202491 | J89: =I89/2 -> 2.9601246
A90: W1Pro | B90: B_3 | C90: C20:1 | D90: Pro | E90: 1 | F90: 0 | G90: 0 | H90: 9.6953712 | I90: =IF(G90<0,0,G90) -> 0 | J90: =I90/2 -> 0
A91: W1Pro | B91: B_3 | C91: C20:2(n-6) | D91: Pro | E91: 1 | F91: 19.658987 | G91: 2.3060724 | H91: 5.7755463 | I91: =IF(G91<0,0,G91) -> 2.3060724 | J91: =I91/2 -> 1.1530362
A92: W1Pro | B92: B_3 | C92: C20:3(n-6) | D92: Pro | E92: 1 | F92: 5.191386 | G92: 0.64067999 | H92: 1.5282513 | I92: =IF(G92<0,0,G92) -> 0.64067999 | J92: =I92/2 -> 0.32034
A93: W1Pro | B93: B_3 | C93: C20:4(n-6) | D93: Pro | E93: 1 | F93: 40.570802 | G93: 1.6413502 | H93: 5.0175814 | I93: =IF(G93<0,0,G93) -> 1.6413502 | J93: =I93/2 -> 0.82067508
A94: W1Pro | B94: B_3 | C94: C20:3(n-3) | D94: Pro | E94: 1 | F94: 7.5946672 | G94: #N/A | H94: 0.33349229 | I94: =IF(G94<0,0,G94) -> #N/A | J94: =I94/2 -> #N/A
A95: W1Pro | B95: B_3 | C95: C21:0 | D95: Pro | E95: 1 | F95: 0 | G95: #N/A | H95: 0.12524972 | I95: =IF(G95<0,0,G95) -> #N/A | J95: =I95/2 -> #N/A
A96: W1Pro | B96: B_3 | C96: C20:5(n-3) | D96: Pro | E96: 1 | F96: 140.17136 | G96: 7.0241971 | H96: 8.365798 | I96: =IF(G96<0,0,G96) -> 7.0241971 | J96: =I96/2 -> 3.5120985
A97: W1Pro | B97: B_3 | C97: C22:0 | D97: Pro | E97: 1 | F97: 11.673013 | G97: 1.1347706 | H97: 0.94197357 | I97: =IF(G97<0,0,G97) -> 1.1347706 | J97: =I97/2 -> 0.56738531
A98: W1Pro | B98: B_3 | C98: C22:1 | D98: Pro | E98: 1 | F98: 76.183231 | G98: 7.2277603 | H98: 23.526853 | I98: =IF(G98<0,0,G98) -> 7.2277603 | J98: =I98/2 -> 3.6138801
A99: W1Pro | B99: B_3 | C99: C22:2 | D99: Pro | E99: 1 | F99: 1.9660056 | G99: #N/A | H99: 0.46790813 | I99: =IF(G99<0,0,G99) -> #N/A | J99: =I99/2 -> #N/A
A100: W1Pro | B100: B_3 | C100: C22:5(n-3) | D100: Pro | E100: 1 | F100: 0.1649234 | G100: #N/A | H100: 0.27474158 | I100: =IF(G100<0,0,G100) -> #N/A | J100: =I100/2 -> #N/A
...

Sheet Tabelle1
A1: replicate | B1: fa | C1: week | D1: treatment | E1: fa_conc
A2: B_1 | B2: C08:0 | C2: 1 | D2: NC | E2: 0
A3: B_1 | B3: C10:0 | C3: 1 | D3: NC | E3: 0
A4: B_1 | B4: C11:0 | C4: 1 | D4: NC | E4: 0
A5: B_1 | B5: C12:0 | C5: 1 | D5: NC | E5: 1.0696016
A6: B_1 | B6: C13:0 | C6: 1 | D6: NC | E6: 4.3293489
A7: B_1 | B7: C14:0 | C7: 1 | D7: NC | E7: 12.87322
A8: B_1 | B8: C14:1 | C8: 1 | D8: NC | E8: 0
A9: B_1 | B9: C15:0 | C9: 1 | D9: NC | E9: 0.78049817
A10: B_1 | B10: C15:1 | C10: 1 | D10: NC | E10: 0
A11: B_1 | B11: C16:0 | C11: 1 | D11: NC | E11: 39.775118
A12: B_1 | B12: C16:1 | C12: 1 | D12: NC | E12: 17.378174
A13: B_1 | B13: C17:1 | C13: 1 | D13: NC | E13: 0.45717977
... A409: B_12 | B409: C24:1 | C409: 3 | D409: Mix | E409: 0
