Workbook

Sheet !alt_all FA
A1: Oldname | B1: RUNINFO | C1: Name | D1: FA | E1: Treatment | F1: FA_µg_sample | G1: blank deduction | H1: negative values to 0 | I1: µg_FA_per_mg dryweight | L1: Infos: | M1: a) in Spalte FA_ug_sample, bei #NV Angabe stand in Patricks aufgeräumter Liste "ND"
A2: NC25 | B2: S_1 | C2: C08:0 | D2: SAFA | E2: NC | F2: 6.9195217 | G2: =IFERROR(F2-alt_Blanks!$I$2,F2) -> 0.2129806 | H2: =IF(G2<0,0,G2) -> 0.2129806 | I2: =H2/0.4108 -> 0.51845326 | M2: b) negative values set to 0 (as there was a data, but the blank average was higher)
A3: NC25 | B3: S_1 | C3: C10:0 | D3: SAFA | E3: NC | F3: 0 | G3: =IFERROR(F3-alt_Blanks!$I$3,F3) -> 0 | H3: =IF(G3<0,0,G3) -> 0 | I3: =H3/0.4108 -> 0
A4: NC25 | B4: S_1 | C4: C11:0 | D4: SAFA | E4: NC | F4: 0 | G4: =IFERROR(F4-alt_Blanks!$I$4,F4) -> 0 | H4: =IF(G4<0,0,G4) -> 0 | I4: =H4/0.4108 -> 0
A5: NC25 | B5: S_1 | C5: C12:0 | D5: SAFA | E5: NC | F5: 3.9083869 | G5: =IFERROR(F5-alt_Blanks!$I$5,F5) -> 3.9083869 | H5: =IF(G5<0,0,G5) -> 3.9083869 | I5: =H5/0.4108 -> 9.5140869
A6: NC25 | B6: S_1 | C6: C13:0 | D6: SAFA | E6: NC | F6: 89.102143 | G6: =IFERROR(F6-alt_Blanks!$I$6,F6) -> 89.102143 | H6: =IF(G6<0,0,G6) -> 89.102143 | I6: =H6/0.4108 -> 216.89908
A7: NC25 | B7: S_1 | C7: C14:0 | D7: SAFA | E7: NC | F7: 82.495747 | G7: =IFERROR(F7-alt_Blanks!$I$7,F7) -> 82.495747 | H7: =IF(G7<0,0,G7) -> 82.495747 | I7: =H7/0.4108 -> 200.8173
A8: NC25 | B8: S_1 | C8: C14:1 | D8: MUFA | E8: NC | F8: 0 | G8: =IFERROR(F8-alt_Blanks!$I$8,F8) -> 0 | H8: =IF(G8<0,0,G8) -> 0 | I8: =H8/0.4108 -> 0
A9: NC25 | B9: S_1 | C9: C15:0 | D9: SAFA | E9: NC | F9: 12.380672 | G9: =IFERROR(F9-alt_Blanks!$I$9,F9) -> 12.380672 | H9: =IF(G9<0,0,G9) -> 12.380672 | I9: =H9/0.4108 -> 30.137956
A10: NC25 | B10: S_1 | C10: C15:1 | D10: MUFA | E10: NC | F10: 0 | G10: =IFERROR(F10-alt_Blanks!$I$10,F10) -> 0 | H10: =IF(G10<0,0,G10) -> 0 | I10: =H10/0.4108 -> 0
A11: NC25 | B11: S_1 | C11: C16:0 | D11: SAFA | E11: NC | F11: 2493.7801 | G11: =IFERROR(F11-alt_Blanks!$I$11,F11) -> 1688.5634 | H11: =IF(G11<0,0,G11) -> 1688.5634 | I11: =H11/0.4108 -> 4110.427
A12: NC25 | B12: S_1 | C12: C16:1 | D12: MUFA | E12: NC | F12: 349.68088 | G12: =IFERROR(F12-alt_Blanks!$I$12,F12) -> 349.68088 | H12: =IF(G12<0,0,G12) -> 349.68088 | I12: =H12/0.4108 -> 851.21927
A13: NC25 | B13: S_1 | C13: C17:0 | D13: SAFA | E13: NC | F13: 19.372227 | G13: =IFERROR(F13-alt_Blanks!$I$13,F13) -> 18.519513 | H13: =IF(G13<0,0,G13) -> 18.519513 | I13: =H13/0.4108 -> 45.08158
A14: NC25 | B14: S_1 | C14: C17:1 | D14: MUFA | E14: NC | F14: 0 | G14: =IFERROR(F14-alt_Blanks!$I$14,F14) -> 0 | H14: =IF(G14<0,0,G14) -> 0 | I14: =H14/0.4108 -> 0
A15: NC25 | B15: S_1 | C15: C18:0 | D15: SAFA | E15: NC | F15: 465.12035 | G15: =IFERROR(F15-alt_Blanks!$I$15,F15) -> 196.49695 | H15: =IF(G15<0,0,G15) -> 196.49695 | I15: =H15/0.4108 -> 478.32754
A16: NC25 | B16: S_1 | C16: C18:1 | D16: MUFA | E16: NC | F16: 393.7337 | G16: =IFERROR(F16-alt_Blanks!$I$16,F16) -> 375.26778 | H16: =IF(G16<0,0,G16) -> 375.26778 | I16: =H16/0.4108 -> 913.50483
A17: NC25 | B17: S_1 | C17: C18:2(n-6t) | D17: PUFA | E17: NC | F17: 0.3628882 | G17: =IFERROR(F17-alt_Blanks!$I$17,F17) -> 0.0309348 | H17: =IF(G17<0,0,G17) -> 0.0309348 | I17: =H17/0.4108 -> 0.075303797
A18: NC25 | B18: S_1 | C18: C18:2(n-6c) | D18: PUFA | E18: NC | F18: 217.57505 | G18: =IFERROR(F18-alt_Blanks!$I$18,F18) -> 211.5716 | H18: =IF(G18<0,0,G18) -> 211.5716 | I18: =H18/0.4108 -> 515.02336
A19: NC25 | B19: S_1 | C19: C18:3(n-6) | D19: PUFA | E19: NC | F19: 0 | G19: =IFERROR(F19-alt_Blanks!$I$19,F19) -> 0 | H19: =IF(G19<0,0,G19) -> 0 | I19: =H19/0.4108 -> 0
A20: NC25 | B20: S_1 | C20: C18:3(n-3) | D20: PUFA | E20: NC | F20: 181.89141 | G20: =IFERROR(F20-alt_Blanks!$I$20,F20) -> 179.95344 | H20: =IF(G20<0,0,G20) -> 179.95344 | I20: =H20/0.4108 -> 438.05608
A21: NC25 | B21: S_1 | C21: C18:4(n-3) | D21: PUFA | E21: NC | F21: 8.8877941 | G21: =IFERROR(F21-alt_Blanks!$I$21,F21) -> 8.673285 | H21: =IF(G21<0,0,G21) -> 8.673285 | I21: =H21/0.4108 -> 21.113157
A22: NC25 | B22: S_1 | C22: C20:0 | D22: SAFA | E22: NC | F22: 4.7820946 | G22: =IFERROR(F22-alt_Blanks!$I$22,F22) -> 3.1873732 | H22: =IF(G22<0,0,G22) -> 3.1873732 | I22: =H22/0.4108 -> 7.7589416
A23: NC25 | B23: S_1 | C23: C20:1 | D23: MUFA | E23: NC | F23: 9.3887077 | G23: =IFERROR(F23-alt_Blanks!$I$23,F23) -> 9.2679703 | H23: =IF(G23<0,0,G23) -> 9.2679703 | I23: =H23/0.4108 -> 22.560785
A24: NC25 | B24: S_1 | C24: C20:2(n-6) | D24: PUFA | E24: NC | F24: 22.894911 | G24: =IFERROR(F24-alt_Blanks!$I$24,F24) -> 22.647741 | H24: =IF(G24<0,0,G24) -> 22.647741 | I24: =H24/0.4108 -> 55.130821
A25: NC25 | B25: S_1 | C25: C20:3(n-6) | D25: PUFA | E25: NC | F25: 0.4021034 | G25: =IFERROR(F25-alt_Blanks!$I$25,F25) -> -0.0701374 | H25: =IF(G25<0,0,G25) -> 0 | I25: =H25/0.4108 -> 0
A26: NC25 | B26: S_1 | C26: C20:4(n-6) | D26: PUFA | E26: NC | F26: 214.76229 | G26: =IFERROR(F26-alt_Blanks!$I$26,F26) -> 214.18212 | H26: =IF(G26<0,0,G26) -> 214.18212 | I26: =H26/0.4108 -> 521.37808
A27: NC25 | B27: S_1 | C27: C20:3(n-3) | D27: PUFA | E27: NC | F27: #N/A | G27: =IFERROR(F27-alt_Blanks!$I$27,F27) -> #N/A | H27: =IF(G27<0,0,G27) -> #N/A | I27: =H27/0.4108 -> #N/A
A28: NC25 | B28: S_1 | C28: C21:0 | D28: SAFA | E28: NC | F28: 0 | G28: =IFERROR(F28-alt_Blanks!$I$28,F28) -> 0 | H28: =IF(G28<0,0,G28) -> 0 | I28: =H28/0.4108 -> 0
A29: NC25 | B29: S_1 | C29: C20:5(n-3) | D29: PUFA | E29: NC | F29: 187.38594 | G29: =IFERROR(F29-alt_Blanks!$I$29,F29) -> 186.77432 | H29: =IF(G29<0,0,G29) -> 186.77432 | I29: =H29/0.4108 -> 454.65999
A30: NC25 | B30: S_1 | C30: C22:0 | D30: SAFA | E30: NC | F30: 0 | G30: =IFERROR(F30-alt_Blanks!$I$30,F30) -> 0 | H30: =IF(G30<0,0,G30) -> 0 | I30: =H30/0.4108 -> 0
A31: NC25 | B31: S_1 | C31: C22:1 | D31: MUFA | E31: NC | F31: 94.303771 | G31: =IFERROR(F31-alt_Blanks!$I$31,F31) -> -8.1508628 | H31: =IF(G31<0,0,G31) -> 0 | I31: =H31/0.4108 -> 0
A32: NC25 | B32: S_1 | C32: C22:2 | D32: PUFA | E32: NC | F32: 1.9159594 | G32: =IFERROR(F32-alt_Blanks!$I$32,F32) -> -0.0116091 | H32: =IF(G32<0,0,G32) -> 0 | I32: =H32/0.4108 -> 0
A33: NC25 | B33: S_1 | C33: C22:5(n-3) | D33: PUFA | E33: NC | F33: 5.5423441 | G33: =IFERROR(F33-alt_Blanks!$I$33,F33) -> 5.5423441 | H33: =IF(G33<0,0,G33) -> 5.5423441 | I33: =H33/0.4108 -> 13.491587
A34: NC25 | B34: S_1 | C34: C22:6(n-3) | D34: PUFA | E34: NC | F34: 6.4709817 | G34: =IFERROR(F34-alt_Blanks!$I$34,F34) -> 6.4709817 | H34: =IF(G34<0,0,G34) -> 6.4709817 | I34: =H34/0.4108 -> 15.752146
A35: NC25 | B35: S_1 | C35: C24:0 | D35: SAFA | E35: NC | F35: 6.612612 | G35: =IFERROR(F35-alt_Blanks!$I$35,F35) -> 6.612612 | H35: =IF(G35<0,0,G35) -> 6.612612 | I35: =H35/0.4108 -> 16.096913
A36: NC25 | B36: S_1 | C36: C24:1 | D36: MUFA | E36: NC | F36: 0 | G36: =IFERROR(F36-alt_Blanks!$I$36,F36) -> 0 | H36: =IF(G36<0,0,G36) -> 0 | I36: =H36/0.4108 -> 0
A37: NC26 | B37: S_2 | C37: C08:0 | D37: SAFA | E37: NC | F37: 6.7014393 | G37: =IFERROR(F37-alt_Blanks!$I$2,F37) -> -0.0051018 | H37: =IF(G37<0,0,G37) -> 0 | I37: =H37/0.6072 -> 0
A38: NC26 | B38: S_2 | C38: C10:0 | D38: SAFA | E38: NC | F38: 0 | G38: =IFERROR(F38-alt_Blanks!$I$3,F38) -> 0 | H38: =IF(G38<0,0,G38) -> 0 | I38: =H38/0.6072 -> 0
A39: NC26 | B39: S_2 | C39: C11:0 | D39: SAFA | E39: NC | F39: 0 | G39: =IFERROR(F39-alt_Blanks!$I$4,F39) -> 0 | H39: =IF(G39<0,0,G39) -> 0 | I39: =H39/0.6072 -> 0
A40: NC26 | B40: S_2 | C40: C12:0 | D40: SAFA | E40: NC | F40: 8.8682996 | G40: =IFERROR(F40-alt_Blanks!$I$5,F40) -> 8.8682996 | H40: =IF(G40<0,0,G40) -> 8.8682996 | I40: =H40/0.6072 -> 14.605236
A41: NC26 | B41: S_2 | C41: C13:0 | D41: SAFA | E41: NC | F41: 96.253499 | G41: =IFERROR(F41-alt_Blanks!$I$6,F41) -> 96.253499 | H41: =IF(G41<0,0,G41) -> 96.253499 | I41: =H41/0.6072 -> 158.52025
A42: NC26 | B42: S_2 | C42: C14:0 | D42: SAFA | E42: NC | F42: 91.746003 | G42: =IFERROR(F42-alt_Blanks!$I$7,F42) -> 91.746003 | H42: =IF(G42<0,0,G42) -> 91.746003 | I42: =H42/0.6072 -> 151.09684
A43: NC26 | B43: S_2 | C43: C14:1 | D43: MUFA | E43: NC | F43: 0 | G43: =IFERROR(F43-alt_Blanks!$I$8,F43) -> 0 | H43: =IF(G43<0,0,G43) -> 0 | I43: =H43/0.6072 -> 0
A44: NC26 | B44: S_2 | C44: C15:0 | D44: SAFA | E44: NC | F44: 14.86793 | G44: =IFERROR(F44-alt_Blanks!$I$9,F44) -> 14.86793 | H44: =IF(G44<0,0,G44) -> 14.86793 | I44: =H44/0.6072 -> 24.486051
A45: NC26 | B45: S_2 | C45: C15:1 | D45: MUFA | E45: NC | F45: 0 | G45: =IFERROR(F45-alt_Blanks!$I$10,F45) -> 0 | H45: =IF(G45<0,0,G45) -> 0 | I45: =H45/0.6072 -> 0
A46: NC26 | B46: S_2 | C46: C16:0 | D46: SAFA | E46: NC | F46: 2296.9465 | G46: =IFERROR(F46-alt_Blanks!$I$11,F46) -> 1491.7298 | H46: =IF(G46<0,0,G46) -> 1491.7298 | I46: =H46/0.6072 -> 2456.7355
A47: NC26 | B47: S_2 | C47: C16:1 | D47: MUFA | E47: NC | F47: 321.00219 | G47: =IFERROR(F47-alt_Blanks!$I$12,F47) -> 321.00219 | H47: =IF(G47<0,0,G47) -> 321.00219 | I47: =H47/0.6072 -> 528.65973
A48: NC26 | B48: S_2 | C48: C17:0 | D48: SAFA | E48: NC | F48: 18.381928 | G48: =IFERROR(F48-alt_Blanks!$I$13,F48) -> 17.529215 | H48: =IF(G48<0,0,G48) -> 17.529215 | I48: =H48/0.6072 -> 28.868931
A49: NC26 | B49: S_2 | C49: C17:1 | D49: MUFA | E49: NC | F49: 0 | G49: =IFERROR(F49-alt_Blanks!$I$14,F49) -> 0 | H49: =IF(G49<0,0,G49) -> 0 | I49: =H49/0.6072 -> 0
A50: NC26 | B50: S_2 | C50: C18:0 | D50: SAFA | E50: NC | F50: 384.21907 | G50: =IFERROR(F50-alt_Blanks!$I$15,F50) -> 115.59567 | H50: =IF(G50<0,0,G50) -> 115.59567 | I50: =H50/0.6072 -> 190.37495
A51: NC26 | B51: S_2 | C51: C18:1 | D51: MUFA | E51: NC | F51: 419.3331 | G51: =IFERROR(F51-alt_Blanks!$I$16,F51) -> 400.86719 | H51: =IF(G51<0,0,G51) -> 400.86719 | I51: =H51/0.6072 -> 660.18971
A52: NC26 | B52: S_2 | C52: C18:2(n-6t) | D52: PUFA | E52: NC | F52: 0.7471994 | G52: =IFERROR(F52-alt_Blanks!$I$17,F52) -> 0.415246 | H52: =IF(G52<0,0,G52) -> 0.415246 | I52: =H52/0.6072 -> 0.68387022
A53: NC26 | B53: S_2 | C53: C18:2(n-6c) | D53: PUFA | E53: NC | F53: 202.13777 | G53: =IFERROR(F53-alt_Blanks!$I$18,F53) -> 196.13431 | H53: =IF(G53<0,0,G53) -> 196.13431 | I53: =H53/0.6072 -> 323.01434
A54: NC26 | B54: S_2 | C54: C18:3(n-6) | D54: PUFA | E54: NC | F54: 0 | G54: =IFERROR(F54-alt_Blanks!$I$19,F54) -> 0 | H54: =IF(G54<0,0,G54) -> 0 | I54: =H54/0.6072 -> 0 | R54: 323.01434
A55: NC26 | B55: S_2 | C55: C18:3(n-3) | D55: PUFA | E55: NC | F55: 175.06268 | G55: =IFERROR(F55-alt_Blanks!$I$20,F55) -> 173.12471 | H55: =IF(G55<0,0,G55) -> 173.12471 | I55: =H55/0.6072 -> 285.11974 | R55: 475.74472
A56: NC26 | B56: S_2 | C56: C18:4(n-3) | D56: PUFA | E56: NC | F56: 9.4875166 | G56: =IFERROR(F56-alt_Blanks!$I$21,F56) -> 9.2730075 | H56: =IF(G56<0,0,G56) -> 9.2730075 | I56: =H56/0.6072 -> 15.271751 | R56: 318.03523
A57: NC26 | B57: S_2 | C57: C20:0 | D57: SAFA | E57: NC | F57: 1.5077561 | G57: =IFERROR(F57-alt_Blanks!$I$22,F57) -> -0.0869653 | H57: =IF(G57<0,0,G57) -> 0 | I57: =H57/0.6072 -> 0 | R57: 444.14252
A58: NC26 | B58: S_2 | C58: C20:1 | D58: MUFA | E58: NC | F58: 9.4481436 | G58: =IFERROR(F58-alt_Blanks!$I$23,F58) -> 9.3274062 | H58: =IF(G58<0,0,G58) -> 9.3274062 | I58: =H58/0.6072 -> 15.361341 | R58: 621.36677
A59: NC26 | B59: S_2 | C59: C20:2(n-6) | D59: PUFA | E59: NC | F59: 25.386587 | G59: =IFERROR(F59-alt_Blanks!$I$24,F59) -> 25.139417 | H59: =IF(G59<0,0,G59) -> 25.139417 | I59: =H59/0.6072 -> 41.402202 | R59: 446.19199
A60: NC26 | B60: S_2 | C60: C20:3(n-6) | D60: PUFA | E60: NC | F60: 0.3949214 | G60: =IFERROR(F60-alt_Blanks!$I$25,F60) -> -0.0773194 | H60: =IF(G60<0,0,G60) -> 0 | I60: =H60/0.6072 -> 0 | R60: 441.0381
A61: NC26 | B61: S_2 | C61: C20:4(n-6) | D61: PUFA | E61: NC | F61: 143.37697 | G61: =IFERROR(F61-alt_Blanks!$I$26,F61) -> 142.7968 | H61: =IF(G61<0,0,G61) -> 142.7968 | I61: =H61/0.6072 -> 235.17259 | R61: 388.55902
A62: NC26 | B62: S_2 | C62: C20:3(n-3) | D62: PUFA | E62: NC | F62: #N/A | G62: =IFERROR(F62-alt_Blanks!$I$27,F62) -> #N/A | H62: =IF(G62<0,0,G62) -> #N/A | I62: =H62/0.6072 -> #N/A | R62: 304.06933
A63: NC26 | B63: S_2 | C63: C21:0 | D63: SAFA | E63: NC | F63: 0 | G63: =IFERROR(F63-alt_Blanks!$I$28,F63) -> 0 | H63: =IF(G63<0,0,G63) -> 0 | I63: =H63/0.6072 -> 0
A64: NC26 | B64: S_2 | C64: C20:5(n-3) | D64: PUFA | E64: NC | F64: 173.11516 | G64: =IFERROR(F64-alt_Blanks!$I$29,F64) -> 172.50354 | H64: =IF(G64<0,0,G64) -> 172.50354 | I64: =H64/0.6072 -> 284.09674
A65: NC26 | B65: S_2 | C65: C22:0 | D65: SAFA | E65: NC | F65: 0 | G65: =IFERROR(F65-alt_Blanks!$I$30,F65) -> 0 | H65: =IF(G65<0,0,G65) -> 0 | I65: =H65/0.6072 -> 0
A66: NC26 | B66: S_2 | C66: C22:1 | D66: MUFA | E66: NC | F66: 51.987947 | G66: =IFERROR(F66-alt_Blanks!$I$31,F66) -> -50.466687 | H66: =IF(G66<0,0,G66) -> 0 | I66: =H66/0.6072 -> 0
A67: NC26 | B67: S_2 | C67: C22:2 | D67: PUFA | E67: NC | F67: 1.8645901 | G67: =IFERROR(F67-alt_Blanks!$I$32,F67) -> -0.0629784 | H67: =IF(G67<0,0,G67) -> 0 | I67: =H67/0.6072 -> 0
A68: NC26 | B68: S_2 | C68: C22:5(n-3) | D68: PUFA | E68: NC | F68: 4.2312013 | G68: =IFERROR(F68-alt_Blanks!$I$33,F68) -> 4.2312013 | H68: =IF(G68<0,0,G68) -> 4.2312013 | I68: =H68/0.6072 -> 6.9683816
A69: NC26 | B69: S_2 | C69: C22:6(n-3) | D69: PUFA | E69: NC | F69: 4.0687561 | G69: =IFERROR(F69-alt_Blanks!$I$34,F69) -> 4.0687561 | H69: =IF(G69<0,0,G69) -> 4.0687561 | I69: =H69/0.6072 -> 6.70085
A70: NC26 | B70: S_2 | C70: C24:0 | D70: SAFA | E70: NC | F70: 12.190144 | G70: =IFERROR(F70-alt_Blanks!$I$35,F70) -> 12.190144 | H70: =IF(G70<0,0,G70) -> 12.190144 | I70: =H70/0.6072 -> 20.075995
A71: NC26 | B71: S_2 | C71: C24:1 | D71: MUFA | E71: NC | F71: 0 | G71: =IFERROR(F71-alt_Blanks!$I$36,F71) -> 0 | H71: =IF(G71<0,0,G71) -> 0 | I71: =H71/0.6072 -> 0
A72: NC27 | B72: S_3 | C72: C08:0 | D72: SAFA | E72: NC | F72: 6.6946287 | G72: =IFERROR(F72-alt_Blanks!$I$2,F72) -> -0.0119124 | H72: =IF(G72<0,0,G72) -> 0 | I72: =H72/0.9138 -> 0
A73: NC27 | B73: S_3 | C73: C10:0 | D73: SAFA | E73: NC | F73: 0 | G73: =IFERROR(F73-alt_Blanks!$I$3,F73) -> 0 | H73: =IF(G73<0,0,G73) -> 0 | I73: =H73/0.9138 -> 0
A74: NC27 | B74: S_3 | C74: C11:0 | D74: SAFA | E74: NC | F74: 0 | G74: =IFERROR(F74-alt_Blanks!$I$4,F74) -> 0 | H74: =IF(G74<0,0,G74) -> 0 | I74: =H74/0.9138 -> 0
A75: NC27 | B75: S_3 | C75: C12:0 | D75: SAFA | E75: NC | F75: 13.852462 | G75: =IFERROR(F75-alt_Blanks!$I$5,F75) -> 13.852462 | H75: =IF(G75<0,0,G75) -> 13.852462 | I75: =H75/0.9138 -> 15.159184
A76: NC27 | B76: S_3 | C76: C13:0 | D76: SAFA | E76: NC | F76: 97.207645 | G76: =IFERROR(F76-alt_Blanks!$I$6,F76) -> 97.207645 | H76: =IF(G76<0,0,G76) -> 97.207645 | I76: =H76/0.9138 -> 106.37737
A77: NC27 | B77: S_3 | C77: C14:0 | D77: SAFA | E77: NC | F77: 137.17156 | G77: =IFERROR(F77-alt_Blanks!$I$7,F77) -> 137.17156 | H77: =IF(G77<0,0,G77) -> 137.17156 | I77: =H77/0.9138 -> 150.11114
A78: NC27 | B78: S_3 | C78: C14:1 | D78: MUFA | E78: NC | F78: 0 | G78: =IFERROR(F78-alt_Blanks!$I$8,F78) -> 0 | H78: =IF(G78<0,0,G78) -> 0 | I78: =H78/0.9138 -> 0
A79: NC27 | B79: S_3 | C79: C15:0 | D79: SAFA | E79: NC | F79: 21.296026 | G79: =IFERROR(F79-alt_Blanks!$I$9,F79) -> 21.296026 | H79: =IF(G79<0,0,G79) -> 21.296026 | I79: =H79/0.9138 -> 23.304909
A80: NC27 | B80: S_3 | C80: C15:1 | D80: MUFA | E80: NC | F80: 0 | G80: =IFERROR(F80-alt_Blanks!$I$10,F80) -> 0 | H80: =IF(G80<0,0,G80) -> 0 | I80: =H80/0.9138 -> 0
A81: NC27 | B81: S_3 | C81: C16:0 | D81: SAFA | E81: NC | F81: 3158.6579 | G81: =IFERROR(F81-alt_Blanks!$I$11,F81) -> 2353.4412 | H81: =IF(G81<0,0,G81) -> 2353.4412 | I81: =H81/0.9138 -> 2575.4445
A82: NC27 | B82: S_3 | C82: C16:1 | D82: MUFA | E82: NC | F82: 538.04847 | G82: =IFERROR(F82-alt_Blanks!$I$12,F82) -> 538.04847 | H82: =IF(G82<0,0,G82) -> 538.04847 | I82: =H82/0.9138 -> 588.80332
A83: NC27 | B83: S_3 | C83: C17:0 | D83: SAFA | E83: NC | F83: 34.052666 | G83: =IFERROR(F83-alt_Blanks!$I$13,F83) -> 33.199952 | H83: =IF(G83<0,0,G83) -> 33.199952 | I83: =H83/0.9138 -> 36.331749
A84: NC27 | B84: S_3 | C84: C17:1 | D84: MUFA | E84: NC | F84: 0 | G84: =IFERROR(F84-alt_Blanks!$I$14,F84) -> 0 | H84: =IF(G84<0,0,G84) -> 0 | I84: =H84/0.9138 -> 0
A85: NC27 | B85: S_3 | C85: C18:0 | D85: SAFA | E85: NC | F85: 552.31902 | G85: =IFERROR(F85-alt_Blanks!$I$15,F85) -> 283.69563 | H85: =IF(G85<0,0,G85) -> 283.69563 | I85: =H85/0.9138 -> 310.45702
A86: NC27 | B86: S_3 | C86: C18:1 | D86: MUFA | E86: NC | F86: 754.97088 | G86: =IFERROR(F86-alt_Blanks!$I$16,F86) -> 736.50497 | H86: =IF(G86<0,0,G86) -> 736.50497 | I86: =H86/0.9138 -> 805.98049
A87: NC27 | B87: S_3 | C87: C18:2(n-6t) | D87: PUFA | E87: NC | F87: 0.3424637 | G87: =IFERROR(F87-alt_Blanks!$I$17,F87) -> 0.0105103 | H87: =IF(G87<0,0,G87) -> 0.0105103 | I87: =H87/0.9138 -> 0.011501751
A88: NC27 | B88: S_3 | C88: C18:2(n-6c) | D88: PUFA | E88: NC | F88: 440.73898 | G88: =IFERROR(F88-alt_Blanks!$I$18,F88) -> 434.73552 | H88: =IF(G88<0,0,G88) -> 434.73552 | I88: =H88/0.9138 -> 475.74472
A89: NC27 | B89: S_3 | C89: C18:3(n-6) | D89: PUFA | E89: NC | F89: 0 | G89: =IFERROR(F89-alt_Blanks!$I$19,F89) -> 0 | H89: =IF(G89<0,0,G89) -> 0 | I89: =H89/0.9138 -> 0
A90: NC27 | B90: S_3 | C90: C18:3(n-3) | D90: PUFA | E90: NC | F90: 517.86098 | G90: =IFERROR(F90-alt_Blanks!$I$20,F90) -> 515.923 | H90: =IF(G90<0,0,G90) -> 515.923 | I90: =H90/0.9138 -> 564.59072
A91: NC27 | B91: S_3 | C91: C18:4(n-3) | D91: PUFA | E91: NC | F91: 33.008861 | G91: =IFERROR(F91-alt_Blanks!$I$21,F91) -> 32.794352 | H91: =IF(G91<0,0,G91) -> 32.794352 | I91: =H91/0.9138 -> 35.887888
A92: NC27 | B92: S_3 | C92: C20:0 | D92: SAFA | E92: NC | F92: 1.5606182 | G92: =IFERROR(F92-alt_Blanks!$I$22,F92) -> -0.0341032 | H92: =IF(G92<0,0,G92) -> 0 | I92: =H92/0.9138 -> 0
A93: NC27 | B93: S_3 | C93: C20:1 | D93: MUFA | E93: NC | F93: 51.819646 | G93: =IFERROR(F93-alt_Blanks!$I$23,F93) -> 51.698908 | H93: =IF(G93<0,0,G93) -> 51.698908 | I93: =H93/0.9138 -> 56.575737
A94: NC27 | B94: S_3 | C94: C20:2(n-6) | D94: PUFA | E94: NC | F94: 86.324219 | G94: =IFERROR(F94-alt_Blanks!$I$24,F94) -> 86.077049 | H94: =IF(G94<0,0,G94) -> 86.077049 | I94: =H94/0.9138 -> 94.196815
A95: NC27 | B95: S_3 | C95: C20:3(n-6) | D95: PUFA | E95: NC | F95: 19.824876 | G95: =IFERROR(F95-alt_Blanks!$I$25,F95) -> 19.352635 | H95: =IF(G95<0,0,G95) -> 19.352635 | I95: =H95/0.9138 -> 21.178196
A96: NC27 | B96: S_3 | C96: C20:4(n-6) | D96: PUFA | E96: NC | F96: 367.99145 | G96: =IFERROR(F96-alt_Blanks!$I$26,F96) -> 367.41127 | H96: =IF(G96<0,0,G96) -> 367.41127 | I96: =H96/0.9138 -> 402.06968
A97: NC27 | B97: S_3 | C97: C20:3(n-3) | D97: PUFA | E97: NC | F97: 17.386777 | G97: =IFERROR(F97-alt_Blanks!$I$27,F97) -> 17.386777 | H97: =IF(G97<0,0,G97) -> 17.386777 | I97: =H97/0.9138 -> 19.026895
A98: NC27 | B98: S_3 | C98: C21:0 | D98: SAFA | E98: NC | F98: 0.0708758 | G98: =IFERROR(F98-alt_Blanks!$I$28,F98) -> 0.0708758 | H98: =IF(G98<0,0,G98) -> 0.0708758 | I98: =H98/0.9138 -> 0.077561611
A99: NC27 | B99: S_3 | C99: C20:5(n-3) | D99: PUFA | E99: NC | F99: 287.80609 | G99: =IFERROR(F99-alt_Blanks!$I$29,F99) -> 287.19447 | H99: =IF(G99<0,0,G99) -> 287.19447 | I99: =H99/0.9138 -> 314.28591
A100: NC27 | B100: S_3 | C100: C22:0 | D100: SAFA | E100: NC | F100: 0 | G100: =IFERROR(F100-alt_Blanks!$I$30,F100) -> 0 | H100: =IF(G100<0,0,G100) -> 0 | I100: =H100/0.9138 -> 0
...

Sheet from culture Day 0_baseline
A1: Oldname | B1: RUNINFO | C1: Name | D1: Treatment | E1: Replicate | F1: FA_µg_sample | G1: µg_FA_per_mg
A2: S3 | C2: C08:0 | F2: 0.74884669
A3: S3 | C3: C10:0 | F3: -0.10552341 | I3: jetzt noch werte durch mg einwaage teilen
A4: S3 | C4: C11:0 | F4: -0.042365544
A5: S3 | C5: C12:0 | F5: -0.39463838
A6: S3 | C6: C13:0 | F6: -0.094757783
A7: S3 | C7: C14:0 | F7: 1.2538965
A8: S3 | C8: C14:1 | F8: -0.054083705
A9: S3 | C9: C15:0 | F9: -0.05234687
A10: S3 | C10: C15:1 | F10: -0.039897742
A11: S3 | C11: C16:0 | F11: 107.8288
A12: S3 | C12: C16:1 | F12: 8.3030493
A13: S3 | C13: C17:1 | F13: -0.038329393
A14: S3 | C14: C18:0 | F14: 34.195856
A15: S3 | C15: C18:1 | F15: 32.642109
... A171: S6 | C171: C24:1 | F171: -0.1521661

Sheet alt_Blanks
A1: Oldname | B1: RUNINFO | C1: Name | D1: Treatment | E1: Replicate | F1: FA_µg_sample | I1: median
A2: Blank1 | C2: C08:0 | F2: 6.7065411 | H2: C08:0 | I2: =MEDIAN(F2,F37,F72) -> 6.7065411 | K2: Wieso median? Eher mittelwert nehmen
A3: Blank1 | C3: C10:0 | F3: 4.5137455 | H3: C10:0 | I3: =MEDIAN(F3,F38,F73) -> 0
A4: Blank1 | C4: C11:0 | F4: 0.5605737 | H4: C11:0 | I4: =MEDIAN(F4,F39,F74) -> 0
A5: Blank1 | C5: C12:0 | F5: 16.079607 | H5: C12:0 | I5: =MEDIAN(F5,F40,F75) -> 0
A6: Blank1 | C6: C13:0 | F6: 104.06352 | H6: C13:0 | I6: =MEDIAN(F6,F41,F76) -> 0
A7: Blank1 | C7: C14:0 | F7: 28.730075 | H7: C14:0 | I7: =MEDIAN(F7,F42,F77) -> 0
A8: Blank1 | C8: C14:1 | F8: 0 | H8: C14:1 | I8: =MEDIAN(F8,F43,F78) -> 0
A9: Blank1 | C9: C15:0 | F9: 6.547856 | H9: C15:0 | I9: =MEDIAN(F9,F44,F79) -> 0
A10: Blank1 | C10: C15:1 | F10: 0 | H10: C15:1 | I10: =MEDIAN(F10,F45,F80) -> 0
A11: Blank1 | C11: C16:0 | F11: 1489.3189 | H11: C16:0 | I11: =MEDIAN(F11,F46,F81) -> 805.21669
A12: Blank1 | C12: C16:1 | F12: 0 | H12: C16:1 | I12: =MEDIAN(F12,F47,F82) -> 0
A13: Blank1 | C13: C17:0 | F13: 3.3850266 | H13: C17:0 | I13: =MEDIAN(F13,F48,F83) -> 0.8527135
A14: Blank1 | C14: C17:1 | F14: NA | H14: C17:1 | I14: =MEDIAN(F14,F49,F84) -> 0
A15: Blank1 | C15: C18:0 | F15: 448.63464 | H15: C18:0 | I15: =MEDIAN(F15,F50,F85) -> 268.6234
A16: Blank1 | C16: C18:1 | F16: 16.423912 | H16: C18:1 | I16: =MEDIAN(F16,F51,F86) -> 18.465913
A17: Blank1 | C17: C18:2(n-6t) | F17: 0.3319534 | H17: C18:2(n-6t) | I17: =MEDIAN(F17,F52,F87) -> 0.3319534
A18: Blank1 | C18: C18:2(n-6c) | F18: 6.0034596 | H18: C18:2(n-6c) | I18: =MEDIAN(F18,F53,F88) -> 6.0034596
A19: Blank1 | C19: C18:3(n-6) | F19: 0 | H19: C18:3(n-6) | I19: =MEDIAN(F19,F54,F89) -> 0
A20: Blank1 | C20: C18:3(n-3) | F20: 1.9379754 | H20: C18:3(n-3) | I20: =MEDIAN(F20,F55,F90) -> 1.9379754
A21: Blank1 | C21: C18:4(n-3) | F21: 0.2145091 | H21: C18:4(n-3) | I21: =MEDIAN(F21,F56,F91) -> 0.2145091
A22: Blank1 | C22: C20:0 | F22: 8.752849 | H22: C20:0 | I22: =MEDIAN(F22,F57,F92) -> 1.5947214
A23: Blank1 | C23: C20:1 | F23: 0.1493779 | H23: C20:1 | I23: =MEDIAN(F23,F58,F93) -> 0.1207374
A24: Blank1 | C24: C20:2(n-6) | F24: 0.2437476 | H24: C20:2(n-6) | I24: =MEDIAN(F24,F59,F94) -> 0.2471696
A25: Blank1 | C25: C20:3(n-6) | F25: 0.4401581 | H25: C20:3(n-6) | I25: =MEDIAN(F25,F60,F95) -> 0.4722408
A26: Blank1 | C26: C20:4(n-6) | F26: 0.5801763 | H26: C20:4(n-6) | I26: =MEDIAN(F26,F61,F96) -> 0.5801763
A27: Blank1 | C27: C20:3(n-3) | F27: NA | H27: C20:3(n-3) | I27: #N/A
A28: Blank1 | C28: C21:0 | F28: 0.0007524 | H28: C21:0 | I28: =MEDIAN(F28,F63,F98) -> 0
A29: Blank1 | C29: C20:5(n-3) | F29: 0.535825 | H29: C20:5(n-3) | I29: =MEDIAN(F29,F64,F99) -> 0.611621
A30: Blank1 | C30: C22:0 | F30: 0 | H30: C22:0 | I30: =MEDIAN(F30,F65,F100) -> 0
A31: Blank1 | C31: C22:1 | F31: 165.91263 | H31: C22:1 | I31: =MEDIAN(F31,F66,F101) -> 102.45463
A32: Blank1 | C32: C22:2 | F32: 1.9244387 | H32: C22:2 | I32: =MEDIAN(F32,F67,F102) -> 1.9275685
A33: Blank1 | C33: C22:5(n-3) | F33: 0 | H33: C22:5(n-3) | I33: =MEDIAN(F33,F68,F103) -> 0
A34: Blank1 | C34: C22:6(n-3) | F34: 0 | H34: C22:6(n-3) | I34: =MEDIAN(F34,F69,F104) -> 0
A35: Blank1 | C35: C24:0 | F35: 6.9332251 | H35: C24:0 | I35: =MEDIAN(F35,F70,F105) -> 0
A36: Blank1 | C36: C24:1 | F36: 0 | H36: C24:1 | I36: =MEDIAN(F36,F71,F106) -> 0
A37: Blank2 | C37: C08:0 | F37: 6.7179712
A38: Blank2 | C38: C10:0 | F38: 0
A39: Blank2 | C39: C11:0 | F39: 0
A40: Blank2 | C40: C12:0 | F40: 0
A41: Blank2 | C41: C13:0 | F41: 0
A42: Blank2 | C42: C14:0 | F42: 0
A43: Blank2 | C43: C14:1 | F43: 0
A44: Blank2 | C44: C15:0 | F44: 0
A45: Blank2 | C45: C15:1 | F45: 0
A46: Blank2 | C46: C16:0 | F46: 724.1468
A47: Blank2 | C47: C16:1 | F47: 12.660918
A48: Blank2 | C48: C17:0 | F48: 0.7642981
... A61: Blank2 | C61: C20:4(n-6) | F61: 10.539918
A62: Blank2 | C62: C20:3(n-3) | F62: NA
A63: Blank2 | C63: C21:0 | F63: 0
A64: Blank2 | C64: C20:5(n-3) | F64: 13.649475
A65: Blank2 | C65: C22:0 | F65: 0
A66: Blank2 | C66: C22:1 | F66: 102.45463
A67: Blank2 | C67: C22:2 | F67: 1.966443
A68: Blank2 | C68: C22:5(n-3) | F68: 0
A69: Blank2 | C69: C22:6(n-3) | F69: 0
A70: Blank2 | C70: C24:0 | F70: 0
A71: Blank2 | C71: C24:1 | F71: 0
A72: Blank3 | C72: C08:0 | F72: 6.671278
A73: Blank3 | C73: C10:0 | F73: 0
A74: Blank3 | C74: C11:0 | F74: 0
... A96: Blank3 | C96: C20:4(n-6) | F96: 0.5551678
A97: Blank3 | C97: C20:3(n-3) | F97: NA
A98: Blank3 | C98: C21:0 | F98: 0
A99: Blank3 | C99: C20:5(n-3) | F99: 0.611621
A100: Blank3 | C100: C22:0 | F100: 0
A101: Blank3 | C101: C22:1 | F101: 47.341217
A102: Blank3 | C102: C22:2 | F102: 1.9275685
A103: Blank3 | C103: C22:5(n-3) | F103: 0
A104: Blank3 | C104: C22:6(n-3) | F104: 0
A105: Blank3 | C105: C24:0 | F105: 0
A106: Blank3 | C106: C24:1 | F106: 0

Sheet Neu_all FA
A1: Oldname | B1: RUNINFO | C1: Name | D1: FA | E1: Treatment | F1: Alt FA_µg_sample | G1: Neu FA_µg_sample | H1: Neu FA_µg_sample | I1: negative values to 0 | J1: µg_FA_per_mg dryweight
A2: NC25 | B2: S_1 | C2: C08:0 | D2: SAFA | E2: NC | F2: 6.9195217 | G2: #N/A | H2: 0.75908155 | I2: =IF(G2<0,0,G2) -> #N/A | J2: =I2/0.4108 -> #N/A | M2: Infos: | N2: a) in Spalte FA_ug_sample, bei #NV Angabe stand in Patricks aufgeräumter Liste "ND"
A3: NC25 | B3: S_1 | C3: C10:0 | D3: SAFA | E3: NC | F3: 0 | G3: #N/A | H3: -0.10339415 | I3: =IF(G3<0,0,G3) -> #N/A | J3: =I3/0.4108 -> #N/A | N3: b) negative values set to 0 (as there was a data, but the blank average was higher)
A4: NC25 | B4: S_1 | C4: C11:0 | D4: SAFA | E4: NC | F4: 0 | G4: #N/A | H4: -0.021110198 | I4: =IF(G4<0,0,G4) -> #N/A | J4: =I4/0.4108 -> #N/A
A5: NC25 | B5: S_1 | C5: C12:0 | D5: SAFA | E5: NC | F5: 3.9083869 | G5: 0.8450394 | H5: 3.3663328 | I5: =IF(G5<0,0,G5) -> 0.8450394 | J5: =I5/0.4108 -> 2.0570579
A6: NC25 | B6: S_1 | C6: C13:0 | D6: SAFA | E6: NC | F6: 89.102143 | G6: 9.2403641 | H6: 7.1702823 | I6: =IF(G6<0,0,G6) -> 9.2403641 | J6: =I6/0.4108 -> 22.493584
A7: NC25 | B7: S_1 | C7: C14:0 | D7: SAFA | E7: NC | F7: 82.495747 | G7: 9.4333098 | H7: 22.615715 | I7: =IF(G7<0,0,G7) -> 9.4333098 | J7: =I7/0.4108 -> 22.963266
A8: NC25 | B8: S_1 | C8: C14:1 | D8: MUFA | E8: NC | F8: 0 | G8: #N/A | H8: -0.063471318 | I8: =IF(G8<0,0,G8) -> #N/A | J8: =I8/0.4108 -> #N/A
A9: NC25 | B9: S_1 | C9: C15:0 | D9: SAFA | E9: NC | F9: 12.380672 | G9: 1.6266302 | H9: 0.60201098 | I9: =IF(G9<0,0,G9) -> 1.6266302 | J9: =I9/0.4108 -> 3.9596645
A10: NC25 | B10: S_1 | C10: C15:1 | D10: MUFA | E10: NC | F10: 0 | G10: #N/A | H10: 0.036666508 | I10: =IF(G10<0,0,G10) -> #N/A | J10: =I10/0.4108 -> #N/A
A11: NC25 | B11: S_1 | C11: C16:0 | D11: SAFA | E11: NC | F11: 2493.7801 | G11: 59.714345 | H11: 181.73879 | I11: =IF(G11<0,0,G11) -> 59.714345 | J11: =I11/0.4108 -> 145.36111
A12: NC25 | B12: S_1 | C12: C16:1 | D12: MUFA | E12: NC | F12: 349.68088 | G12: 31.686628 | H12: 87.950659 | I12: =IF(G12<0,0,G12) -> 31.686628 | J12: =I12/0.4108 -> 77.133954
A13: NC25 | B13: S_1 | C13: C17:1 | D13: MUFA | E13: NC | F13: 0 | G13: #N/A | H13: 43.753674 | I13: =IF(G13<0,0,G13) -> #N/A | J13: =I13/0.4108 -> #N/A
A14: NC25 | B14: S_1 | C14: C18:0 | D14: SAFA | E14: NC | F14: 465.12035 | G14: 35.853295 | H14: 32.855584 | I14: =IF(G14<0,0,G14) -> 35.853295 | J14: =I14/0.4108 -> 87.276765
A15: NC25 | B15: S_1 | C15: C18:1 | D15: MUFA | E15: NC | F15: 393.7337 | G15: 37.4635 | H15: 114.92268 | I15: =IF(G15<0,0,G15) -> 37.4635 | J15: =I15/0.4108 -> 91.196446
A16: NC25 | B16: S_1 | C16: C18:2(n-6t) | D16: PUFA | E16: NC | F16: 0.3628882 | G16: #N/A | H16: 17.624163 | I16: =IF(G16<0,0,G16) -> #N/A | J16: =I16/0.4108 -> #N/A
A17: NC25 | B17: S_1 | C17: C18:2(n-6c) | D17: PUFA | E17: NC | F17: 217.57505 | G17: 16.592306 | H17: 32.199884 | I17: =IF(G17<0,0,G17) -> 16.592306 | J17: =I17/0.4108 -> 40.390229
A18: NC25 | B18: S_1 | C18: C18:3(n-6) | D18: PUFA | E18: NC | F18: 0 | G18: 0.96402894 | H18: 28.579172 | I18: =IF(G18<0,0,G18) -> 0.96402894 | J18: =I18/0.4108 -> 2.3467111
A19: NC25 | B19: S_1 | C19: C18:3(n-3) | D19: PUFA | E19: NC | F19: 181.89141 | G19: 4.024122 | H19: 16.250554 | I19: =IF(G19<0,0,G19) -> 4.024122 | J19: =I19/0.4108 -> 9.795818
A20: NC25 | B20: S_1 | C20: C18:4(n-3) | D20: PUFA | E20: NC | F20: 8.8877941 | G20: 1.0491493 | H20: 10.142542 | I20: =IF(G20<0,0,G20) -> 1.0491493 | J20: =I20/0.4108 -> 2.5539174
A21: NC25 | B21: S_1 | C21: C20:0 | D21: SAFA | E21: NC | F21: 4.7820946 | G21: 1.287298 | H21: 8.1985001 | I21: =IF(G21<0,0,G21) -> 1.287298 | J21: =I21/0.4108 -> 3.1336367
A22: NC25 | B22: S_1 | C22: C20:1 | D22: MUFA | E22: NC | F22: 9.3887077 | G22: 4.0511194 | H22: 13.624564 | I22: =IF(G22<0,0,G22) -> 4.0511194 | J22: =I22/0.4108 -> 9.8615371
A23: NC25 | B23: S_1 | C23: C20:2(n-6) | D23: PUFA | E23: NC | F23: 22.894911 | G23: 3.0265876 | H23: 31.746355 | I23: =IF(G23<0,0,G23) -> 3.0265876 | J23: =I23/0.4108 -> 7.3675452
A24: NC25 | B24: S_1 | C24: C20:3(n-6) | D24: PUFA | E24: NC | F24: 0.4021034 | G24: 0.34635517 | H24: 21.442089 | I24: =IF(G24<0,0,G24) -> 0.34635517 | J24: =I24/0.4108 -> 0.84312359
A25: NC25 | B25: S_1 | C25: C20:4(n-6) | D25: PUFA | E25: NC | F25: 214.76229 | G25: 8.6957298 | H25: 31.882429 | I25: =IF(G25<0,0,G25) -> 8.6957298 | J25: =I25/0.4108 -> 21.167794
A26: NC25 | B26: S_1 | C26: C20:3(n-3) | D26: PUFA | E26: NC | F26: #N/A | G26: #N/A | H26: 17.186008 | I26: =IF(G26<0,0,G26) -> #N/A | J26: =I26/0.4108 -> #N/A
A27: NC25 | B27: S_1 | C27: C21:0 | D27: SAFA | E27: NC | F27: 0 | G27: #N/A | H27: 36.733727 | I27: =IF(G27<0,0,G27) -> #N/A | J27: =I27/0.4108 -> #N/A
A28: NC25 | B28: S_1 | C28: C20:5(n-3) | D28: PUFA | E28: NC | F28: 187.38594 | G28: 10.781184 | H28: 11.666827 | I28: =IF(G28<0,0,G28) -> 10.781184 | J28: =I28/0.4108 -> 26.244361
A29: NC25 | B29: S_1 | C29: C22:0 | D29: SAFA | E29: NC | F29: 0 | G29: #N/A | H29: 13.785033 | I29: =IF(G29<0,0,G29) -> #N/A | J29: =I29/0.4108 -> #N/A
A30: NC25 | B30: S_1 | C30: C22:1 | D30: MUFA | E30: NC | F30: 94.303771 | G30: 4.6407941 | H30: 32.832154 | I30: =IF(G30<0,0,G30) -> 4.6407941 | J30: =I30/0.4108 -> 11.296967
A31: NC25 | B31: S_1 | C31: C22:2 | D31: PUFA | E31: NC | F31: 1.9159594 | G31: #N/A | H31: 23.642877 | I31: =IF(G31<0,0,G31) -> #N/A | J31: =I31/0.4108 -> #N/A
A32: NC25 | B32: S_1 | C32: C22:5(n-3) | D32: PUFA | E32: NC | F32: 5.5423441 | G32: 1.7717347 | H32: 10.286512 | I32: =IF(G32<0,0,G32) -> 1.7717347 | J32: =I32/0.4108 -> 4.3128887
A33: NC25 | B33: S_1 | C33: C22:6(n-3) | D33: PUFA | E33: NC | F33: 6.4709817 | G33: 0.76990417 | H33: 9.8843817 | I33: =IF(G33<0,0,G33) -> 0.76990417 | J33: =I33/0.4108 -> 1.8741582
A34: NC25 | B34: S_1 | C34: C24:0 | D34: SAFA | E34: NC | F34: 6.612612 | G34: #N/A | H34: 26.141296 | I34: =IF(G34<0,0,G34) -> #N/A | J34: =I34/0.4108 -> #N/A
A35: NC25 | B35: S_1 | C35: C24:1 | D35: MUFA | E35: NC | F35: 0 | G35: #N/A | H35: 25.934878 | I35: =IF(G35<0,0,G35) -> #N/A | J35: =I35/0.4108 -> #N/A
A36: NC26 | B36: S_2 | C36: C08:0 | D36: SAFA | E36: NC | F36: 6.7014393 | G36: #N/A | H36: 0.7499002 | I36: =IF(G36<0,0,G36) -> #N/A | J36: =I36/0.6072 -> #N/A
A37: NC26 | B37: S_2 | C37: C10:0 | D37: SAFA | E37: NC | F37: 0 | G37: #N/A | H37: -0.089316841 | I37: =IF(G37<0,0,G37) -> #N/A | J37: =I37/0.6072 -> #N/A
A38: NC26 | B38: S_2 | C38: C11:0 | D38: SAFA | E38: NC | F38: 0 | G38: #N/A | H38: -0.0096652026 | I38: =IF(G38<0,0,G38) -> #N/A | J38: =I38/0.6072 -> #N/A
A39: NC26 | B39: S_2 | C39: C12:0 | D39: SAFA | E39: NC | F39: 8.8682996 | G39: 1.3552616 | H39: 4.9164279 | I39: =IF(G39<0,0,G39) -> 1.3552616 | J39: =I39/0.6072 -> 2.2319855
A40: NC26 | B40: S_2 | C40: C13:0 | D40: SAFA | E40: NC | F40: 96.253499 | G40: 9.8489304 | H40: 7.7455378 | I40: =IF(G40<0,0,G40) -> 9.8489304 | J40: =I40/0.6072 -> 16.220241
A41: NC26 | B41: S_2 | C41: C14:0 | D41: SAFA | E41: NC | F41: 91.746003 | G41: 10.336152 | H41: 24.991267 | I41: =IF(G41<0,0,G41) -> 10.336152 | J41: =I41/0.6072 -> 17.022649
A42: NC26 | B42: S_2 | C42: C14:1 | D42: MUFA | E42: NC | F42: 0 | G42: #N/A | H42: -0.05876085 | I42: =IF(G42<0,0,G42) -> #N/A | J42: =I42/0.6072 -> #N/A
A43: NC26 | B43: S_2 | C43: C15:0 | D43: SAFA | E43: NC | F43: 14.86793 | G43: 2.0203693 | H43: 0.72113857 | I43: =IF(G43<0,0,G43) -> 2.0203693 | J43: =I43/0.6072 -> 3.3273539
A44: NC26 | B44: S_2 | C44: C15:1 | D44: MUFA | E44: NC | F44: 0 | G44: #N/A | H44: 0.054840102 | I44: =IF(G44<0,0,G44) -> #N/A | J44: =I44/0.6072 -> #N/A
A45: NC26 | B45: S_2 | C45: C16:0 | D45: SAFA | E45: NC | F45: 2296.9465 | G45: 54.918647 | H45: 167.3832 | I45: =IF(G45<0,0,G45) -> 54.918647 | J45: =I45/0.6072 -> 90.445729
A46: NC26 | B46: S_2 | C46: C16:1 | D46: MUFA | E46: NC | F46: 321.00219 | G46: 29.039746 | H46: 80.774802 | I46: =IF(G46<0,0,G46) -> 29.039746 | J46: =I46/0.6072 -> 47.825668
A47: NC26 | B47: S_2 | C47: C17:1 | D47: MUFA | E47: NC | F47: 0 | G47: #N/A | H47: -0.0382184 | I47: =IF(G47<0,0,G47) -> #N/A | J47: =I47/0.6072 -> #N/A
A48: NC26 | B48: S_2 | C48: C18:0 | D48: SAFA | E48: NC | F48: 384.21907 | G48: 30.393486 | H48: 38.137795 | I48: =IF(G48<0,0,G48) -> 30.393486 | J48: =I48/0.6072 -> 50.055148
A49: NC26 | B49: S_2 | C49: C18:1 | D49: MUFA | E49: NC | F49: 419.3331 | G49: 39.743486 | H49: 96.702838 | I49: =IF(G49<0,0,G49) -> 39.743486 | J49: =I49/0.6072 -> 65.4537
A50: NC26 | B50: S_2 | C50: C18:2(n-6t) | D50: PUFA | E50: NC | F50: 0.7471994 | G50: #N/A | H50: 0.092804125 | I50: =IF(G50<0,0,G50) -> #N/A | J50: =I50/0.6072 -> #N/A
A51: NC26 | B51: S_2 | C51: C18:2(n-6c) | D51: PUFA | E51: NC | F51: 202.13777 | G51: 15.456387 | H51: 37.441293 | I51: =IF(G51<0,0,G51) -> 15.456387 | J51: =I51/0.6072 -> 25.455183
A52: NC26 | B52: S_2 | C52: C18:3(n-6) | D52: PUFA | E52: NC | F52: 0 | G52: 0.73277484 | H52: 0.027982471 | I52: =IF(G52<0,0,G52) -> 0.73277484 | J52: =I52/0.6072 -> 1.2068097
A53: NC26 | B53: S_2 | C53: C18:3(n-3) | D53: PUFA | E53: NC | F53: 175.06268 | G53: 3.8515825 | H53: 5.1890031 | I53: =IF(G53<0,0,G53) -> 3.8515825 | J53: =I53/0.6072 -> 6.3431859
A54: NC26 | B54: S_2 | C54: C18:4(n-3) | D54: PUFA | E54: NC | F54: 9.4875166 | G54: 0.79041003 | H54: 0.92365684 | I54: =IF(G54<0,0,G54) -> 0.79041003 | J54: =I54/0.6072 -> 1.3017293
A55: NC26 | B55: S_2 | C55: C20:0 | D55: SAFA | E55: NC | F55: 1.5077561 | G55: 1.13812 | H55: 0.055399636 | I55: =IF(G55<0,0,G55) -> 1.13812 | J55: =I55/0.6072 -> 1.8743741
A56: NC26 | B56: S_2 | C56: C20:1 | D56: MUFA | E56: NC | F56: 9.4481436 | G56: 2.8854455 | H56: 2.6109328 | I56: =IF(G56<0,0,G56) -> 2.8854455 | J56: =I56/0.6072 -> 4.7520511
A57: NC26 | B57: S_2 | C57: C20:2(n-6) | D57: PUFA | E57: NC | F57: 25.386587 | G57: 2.835961 | H57: 6.7243884 | I57: =IF(G57<0,0,G57) -> 2.835961 | J57: =I57/0.6072 -> 4.670555
A58: NC26 | B58: S_2 | C58: C20:3(n-6) | D58: PUFA | E58: NC | F58: 0.3949214 | G58: 0.35362941 | H58: 0.087747593 | I58: =IF(G58<0,0,G58) -> 0.35362941 | J58: =I58/0.6072 -> 0.58239363
A59: NC26 | B59: S_2 | C59: C20:4(n-6) | D59: PUFA | E59: NC | F59: 143.37697 | G59: 5.887595 | H59: 26.590505 | I59: =IF(G59<0,0,G59) -> 5.887595 | J59: =I59/0.6072 -> 9.6963027
A60: NC26 | B60: S_2 | C60: C20:3(n-3) | D60: PUFA | E60: NC | F60: #N/A | G60: #N/A | H60: 0.069662173 | I60: =IF(G60<0,0,G60) -> #N/A | J60: =I60/0.6072 -> #N/A
A61: NC26 | B61: S_2 | C61: C21:0 | D61: SAFA | E61: NC | F61: 0 | G61: #N/A | H61: 0.089954901 | I61: =IF(G61<0,0,G61) -> #N/A | J61: =I61/0.6072 -> #N/A
A62: NC26 | B62: S_2 | C62: C20:5(n-3) | D62: PUFA | E62: NC | F62: 173.11516 | G62: 9.5147879 | H62: 13.254477 | I62: =IF(G62<0,0,G62) -> 9.5147879 | J62: =I62/0.6072 -> 15.669941
A63: NC26 | B63: S_2 | C63: C22:0 | D63: SAFA | E63: NC | F63: 0 | G63: #N/A | H63: -0.15506392 | I63: =IF(G63<0,0,G63) -> #N/A | J63: =I63/0.6072 -> #N/A
A64: NC26 | B64: S_2 | C64: C22:1 | D64: MUFA | E64: NC | F64: 51.987947 | G64: 5.3093107 | H64: 29.265443 | I64: =IF(G64<0,0,G64) -> 5.3093107 | J64: =I64/0.6072 -> 8.7439241
A65: NC26 | B65: S_2 | C65: C22:2 | D65: PUFA | E65: NC | F65: 1.8645901 | G65: #N/A | H65: 0.16905002 | I65: =IF(G65<0,0,G65) -> #N/A | J65: =I65/0.6072 -> #N/A
A66: NC26 | B66: S_2 | C66: C22:5(n-3) | D66: PUFA | E66: NC | F66: 4.2312013 | G66: 0 | H66: 2.0058088 | I66: =IF(G66<0,0,G66) -> 0 | J66: =I66/0.6072 -> 0
A67: NC26 | B67: S_2 | C67: C22:6(n-3) | D67: PUFA | E67: NC | F67: 4.0687561 | G67: 0.59386861 | H67: 0.84472574 | I67: =IF(G67<0,0,G67) -> 0.59386861 | J67: =I67/0.6072 -> 0.97804448
A68: NC26 | B68: S_2 | C68: C24:0 | D68: SAFA | E68: NC | F68: 12.190144 | G68: #N/A | H68: -0.041435957 | I68: =IF(G68<0,0,G68) -> #N/A | J68: =I68/0.6072 -> #N/A
A69: NC26 | B69: S_2 | C69: C24:1 | D69: MUFA | E69: NC | F69: 0 | G69: #N/A | H69: 0.018471363 | I69: =IF(G69<0,0,G69) -> #N/A | J69: =I69/0.6072 -> #N/A
A70: NC27 | B70: S_3 | C70: C08:0 | D70: SAFA | E70: NC | F70: 6.6946287 | G70: #N/A | H70: 0.74961347 | I70: =IF(G70<0,0,G70) -> #N/A | J70: =I70/0.9138 -> #N/A
A71: NC27 | B71: S_3 | C71: C10:0 | D71: SAFA | E71: NC | F71: 0 | G71: #N/A | H71: -0.10615856 | I71: =IF(G71<0,0,G71) -> #N/A | J71: =I71/0.9138 -> #N/A
A72: NC27 | B72: S_3 | C72: C11:0 | D72: SAFA | E72: NC | F72: 0 | G72: #N/A | H72: -0.00053378208 | I72: =IF(G72<0,0,G72) -> #N/A | J72: =I72/0.9138 -> #N/A
A73: NC27 | B73: S_3 | C73: C12:0 | D73: SAFA | E73: NC | F73: 13.852462 | G73: 1.8726304 | H73: 6.4741019 | I73: =IF(G73<0,0,G73) -> 1.8726304 | J73: =I73/0.9138 -> 2.0492781
A74: NC27 | B74: S_3 | C74: C13:0 | D74: SAFA | E74: NC | F74: 97.207645 | G74: 9.6305272 | H74: 7.8222897 | I74: =IF(G74<0,0,G74) -> 9.6305272 | J74: =I74/0.9138 -> 10.538988
A75: NC27 | B75: S_3 | C75: C14:0 | D75: SAFA | E75: NC | F75: 137.17156 | G75: 10.384716 | H75: 36.656982 | I75: =IF(G75<0,0,G75) -> 10.384716 | J75: =I75/0.9138 -> 11.364321
A76: NC27 | B76: S_3 | C76: C14:1 | D76: MUFA | E76: NC | F76: 0 | G76: #N/A | H76: -0.053586825 | I76: =IF(G76<0,0,G76) -> #N/A | J76: =I76/0.9138 -> #N/A
A77: NC27 | B77: S_3 | C77: C15:0 | D77: SAFA | E77: NC | F77: 21.296026 | G77: 2.8923941 | H77: 1.0290139 | I77: =IF(G77<0,0,G77) -> 2.8923941 | J77: =I77/0.9138 -> 3.1652376
A78: NC27 | B78: S_3 | C78: C15:1 | D78: MUFA | E78: NC | F78: 0 | G78: #N/A | H78: -0.050766778 | I78: =IF(G78<0,0,G78) -> #N/A | J78: =I78/0.9138 -> #N/A
A79: NC27 | B79: S_3 | C79: C16:0 | D79: SAFA | E79: NC | F79: 3158.6579 | G79: 75.87508 | H79: 230.23006 | I79: =IF(G79<0,0,G79) -> 75.87508 | J79: =I79/0.9138 -> 83.03248
A80: NC27 | B80: S_3 | C80: C16:1 | D80: MUFA | E80: NC | F80: 538.04847 | G80: 44.505505 | H80: 135.08317 | I80: =IF(G80<0,0,G80) -> 44.505505 | J80: =I80/0.9138 -> 48.70377
A81: NC27 | B81: S_3 | C81: C17:1 | D81: MUFA | E81: NC | F81: 0 | G81: #N/A | H81: 0.0038828633 | I81: =IF(G81<0,0,G81) -> #N/A | J81: =I81/0.9138 -> #N/A
A82: NC27 | B82: S_3 | C82: C18:0 | D82: SAFA | E82: NC | F82: 552.31902 | G82: 43.101915 | H82: 31.562644 | I82: =IF(G82<0,0,G82) -> 43.101915 | J82: =I82/0.9138 -> 47.167777
A83: NC27 | B83: S_3 | C83: C18:1 | D83: MUFA | E83: NC | F83: 754.97088 | G83: 75.721224 | H83: 102.94685 | I83: =IF(G83<0,0,G83) -> 75.721224 | J83: =I83/0.9138 -> 82.86411
A84: NC27 | B84: S_3 | C84: C18:2(n-6t) | D84: PUFA | E84: NC | F84: 0.3424637 | G84: #N/A | H84: 0.18222923 | I84: =IF(G84<0,0,G84) -> #N/A | J84: =I84/0.9138 -> #N/A
A85: NC27 | B85: S_3 | C85: C18:2(n-6c) | D85: PUFA | E85: NC | F85: 440.73898 | G85: 33.421998 | H85: 34.785099 | I85: =IF(G85<0,0,G85) -> 33.421998 | J85: =I85/0.9138 -> 36.57474
A86: NC27 | B86: S_3 | C86: C18:3(n-6) | D86: PUFA | E86: NC | F86: 0 | G86: 2.0842518 | H86: 0.018771596 | I86: =IF(G86<0,0,G86) -> 2.0842518 | J86: =I86/0.9138 -> 2.2808621
A87: NC27 | B87: S_3 | C87: C18:3(n-3) | D87: PUFA | E87: NC | F87: 517.86098 | G87: 11.277544 | H87: 4.9934842 | I87: =IF(G87<0,0,G87) -> 11.277544 | J87: =I87/0.9138 -> 12.34137
A88: NC27 | B88: S_3 | C88: C18:4(n-3) | D88: PUFA | E88: NC | F88: 33.008861 | G88: #N/A | H88: 0.97732222 | I88: =IF(G88<0,0,G88) -> #N/A | J88: =I88/0.9138 -> #N/A
A89: NC27 | B89: S_3 | C89: C20:0 | D89: SAFA | E89: NC | F89: 1.5606182 | G89: 1.7484808 | H89: -0.04311166 | I89: =IF(G89<0,0,G89) -> 1.7484808 | J89: =I89/0.9138 -> 1.9134174
A90: NC27 | B90: S_3 | C90: C20:1 | D90: MUFA | E90: NC | F90: 51.819646 | G90: 11.399943 | H90: 2.6274484 | I90: =IF(G90<0,0,G90) -> 11.399943 | J90: =I90/0.9138 -> 12.475315
A91: NC27 | B91: S_3 | C91: C20:2(n-6) | D91: PUFA | E91: NC | F91: 86.324219 | G91: 9.1331692 | H91: 7.4550013 | I91: =IF(G91<0,0,G91) -> 9.1331692 | J91: =I91/0.9138 -> 9.9947135
A92: NC27 | B92: S_3 | C92: C20:3(n-6) | D92: PUFA | E92: NC | F92: 19.824876 | G92: 2.3408121 | H92: 0.08558709 | I92: =IF(G92<0,0,G92) -> 2.3408121 | J92: =I92/0.9138 -> 2.5616241
A93: NC27 | B93: S_3 | C93: C20:4(n-6) | D93: PUFA | E93: NC | F93: 367.99145 | G93: 14.989499 | H93: 17.749716 | I93: =IF(G93<0,0,G93) -> 14.989499 | J93: =I93/0.9138 -> 16.403479
A94: NC27 | B94: S_3 | C94: C20:3(n-3) | D94: PUFA | E94: NC | F94: 17.386777 | G94: 0.79630374 | H94: 0.066683884 | I94: =IF(G94<0,0,G94) -> 0.79630374 | J94: =I94/0.9138 -> 0.87142015
A95: NC27 | B95: S_3 | C95: C21:0 | D95: SAFA | E95: NC | F95: 0.0708758 | G95: #N/A | H95: 0.083590198 | I95: =IF(G95<0,0,G95) -> #N/A | J95: =I95/0.9138 -> #N/A
A96: NC27 | B96: S_3 | C96: C20:5(n-3) | D96: PUFA | E96: NC | F96: 287.80609 | G96: 22.446798 | H96: 11.666038 | I96: =IF(G96<0,0,G96) -> 22.446798 | J96: =I96/0.9138 -> 24.564235
A97: NC27 | B97: S_3 | C97: C22:0 | D97: SAFA | E97: NC | F97: 0 | G97: #N/A | H97: -0.15367099 | I97: =IF(G97<0,0,G97) -> #N/A | J97: =I97/0.9138 -> #N/A
A98: NC27 | B98: S_3 | C98: C22:1 | D98: MUFA | E98: NC | F98: 85.83048 | G98: 8.4659944 | H98: 15.864453 | I98: =IF(G98<0,0,G98) -> 8.4659944 | J98: =I98/0.9138 -> 9.2646032
A99: NC27 | B99: S_3 | C99: C22:2 | D99: PUFA | E99: NC | F99: 1.9092201 | G99: #N/A | H99: 0.15600281 | I99: =IF(G99<0,0,G99) -> #N/A | J99: =I99/0.9138 -> #N/A
A100: NC27 | B100: S_3 | C100: C22:5(n-3) | D100: PUFA | E100: NC | F100: 14.592968 | G100: 3.9747202 | H100: 1.5837334 | I100: =IF(G100<0,0,G100) -> 3.9747202 | J100: =I100/0.9138 -> 4.349661
...

Sheet Tabelle2
A1: replicate | B1: fa | C1: treatment | D1: fa_conc
A2: S_1 | B2: C08:0 | C2: NC | D2: 0
A3: S_1 | B3: C10:0 | C3: NC | D3: 0
A4: S_1 | B4: C11:0 | C4: NC | D4: 0
A5: S_1 | B5: C12:0 | C5: NC | D5: 2.0570579
A6: S_1 | B6: C13:0 | C6: NC | D6: 22.493584
A7: S_1 | B7: C14:0 | C7: NC | D7: 22.963266
A8: S_1 | B8: C14:1 | C8: NC | D8: 0
A9: S_1 | B9: C15:0 | C9: NC | D9: 3.9596645
A10: S_1 | B10: C15:1 | C10: NC | D10: 0
A11: S_1 | B11: C16:0 | C11: NC | D11: 145.36111
A12: S_1 | B12: C16:1 | C12: NC | D12: 77.133954
A13: S_1 | B13: C17:1 | C13: NC | D13: 0
... A1327: S_40 | B1327: C24:1 | C1327: Cip | D1327: 0
