Workbook

Sheet Rohdaten
A1: Pigment analysis snail experiment | AA1: Chl a in 300 uL | AB1: Chl b in 300 uL | AC1: Chl c1+2 in 300 uL | AD1: 5000/300 | AE1: Chl a in 5000 uL | AF1: Chl b in 5000 uL | AG1: Chl c1+2 in 5000 uL | AH1: Jetzt noch auf die Fläche normieren | AI1: Chl a in ug/cm² | AJ1: Chl b in ug/cm² | AK1: Chl c in ug/cm²
W2: negativer Messwert | Z2: nach Jeffrey & Humphrey | AA2: 11,93xE(664nm) - 1,93xE(647nm) | AB2: 20,36xE(647nm) - 5,5xE(664nm) | AC2: 24,36xE(630nm) - 3,73xE(664nm) | AD2: =5000/300 -> 16.666667
B3: Wavelenght | Z3: modifiziert, da bei 650 die Extinktion immer höher als bei 645 | AA3: 11,93xE(665nm) - 1,93xE(650nm) | AB3: 20,36xE(650nm) - 5,5xE(665nm) | AC3: 24,36xE(630nm) - 3,73xE(665nm)
A4: Sample | B4: 600 | C4: 605 | D4: 610 | E4: 615 | F4: 620 | G4: 625 | H4: 630 | I4: 635 | J4: 640 | K4: 645 | L4: 650 | M4: 655 | N4: 660 | O4: 665 | P4: 670 | Q4: 675 | R4: 680 | S4: 685 | T4: 690 | U4: 695 | V4: 700 | W4: 665 bereinigt mit Acteon-Blank | X4: 645 bereinigt | Y4: 650 bereinigt | Z4: 630 bereinigt | AH4: 44.18
A5: Week 1 NC 1 | B5: 0.0528 | C5: 0.053399999 | D5: 0.0539 | E5: 0.0539 | F5: 0.053800002 | G5: 0.0535 | H5: 0.053300001 | I5: 0.052900001 | J5: 0.0528 | K5: 0.053199999 | L5: 0.055599999 | M5: 0.059999999 | N5: 0.0669 | O5: 0.069700003 | P5: 0.066100001 | Q5: 0.0583 | R5: 0.052200001 | S5: 0.048799999 | T5: 0.047899999 | U5: 0.047200002 | V5: 0.0469 | W5: =(O5-$O$131) -> 0.029483337 | X5: =(K5-$K$131) -> 0.012649999 | Y5: =(L5-$L$131) -> 0.015199998 | Z5: =(H5-$H$131) -> 0.012416668 | AA5: =11.93*W5-1.93*Y5 -> 0.32240021 | AB5: =20.36*Y5-5.5*W5 -> 0.14731361 | AC5: =24.36*Z5-3.73*W5 -> 0.19249718 | AE5: =AA5*$AD$2 -> 5.3733369 | AF5: =AB5*$AD$2 -> 2.4552269 | AG5: =AC5*$AD$2 -> 3.2082863 | AI5: =AE5/$AH$4 -> 0.12162374 | AJ5: =AF5/$AH$4 -> 0.055573266 | AK5: =AG5/$AH$4 -> 0.072618521
B6: 0.050500002 | C6: 0.050900001 | D6: 0.0515 | E6: 0.0515 | F6: 0.0513 | G6: 0.0513 | H6: 0.050999999 | I6: 0.0506 | J6: 0.050500002 | K6: 0.050900001 | L6: 0.0535 | M6: 0.057700001 | N6: 0.064599998 | O6: 0.067400001 | P6: 0.063900001 | Q6: 0.056000002 | R6: 0.049800001 | S6: 0.046500001 | T6: 0.045400001 | U6: 0.0449 | V6: 0.0447 | W6: =(O6-$O$131) -> 0.027183335 | X6: =(K6-$K$131) -> 0.010350001 | Y6: =(L6-$L$131) -> 0.0131 | Z6: =(H6-$H$131) -> 0.010116666 | AA6: =11.93*W6-1.93*Y6 -> 0.29901419 | AB6: =20.36*Y6-5.5*W6 -> 0.11720766 | AC6: =24.36*Z6-3.73*W6 -> 0.14504814 | AE6: =AA6*$AD$2 -> 4.9835698 | AF6: =AB6*$AD$2 -> 1.953461 | AG6: =AC6*$AD$2 -> 2.417469 | AI6: =AE6/$AH$4 -> 0.11280149 | AJ6: =AF6/$AH$4 -> 0.044215957 | AK6: =AG6/$AH$4 -> 0.054718629
B7: 0.050099999 | C7: 0.050700001 | D7: 0.051199999 | E7: 0.0513 | F7: 0.050900001 | G7: 0.050700001 | H7: 0.050500002 | I7: 0.0502 | J7: 0.050000001 | K7: 0.050500002 | L7: 0.053100001 | M7: 0.0572 | N7: 0.064199999 | O7: 0.067100003 | P7: 0.063299999 | Q7: 0.055500001 | R7: 0.049400002 | S7: 0.046100002 | T7: 0.0451 | U7: 0.044199999 | V7: 0.044100001 | W7: =(O7-$O$131) -> 0.026883338 | X7: =(K7-$K$131) -> 0.0099500014 | Y7: =(L7-$L$131) -> 0.012700001 | Z7: =(H7-$H$131) -> 0.0096166686 | AA7: =11.93*W7-1.93*Y7 -> 0.29620722 | AB7: =20.36*Y7-5.5*W7 -> 0.11071366 | AC7: =24.36*Z7-3.73*W7 -> 0.1339872 | AE7: =AA7*$AD$2 -> 4.9367869 | AF7: =AB7*$AD$2 -> 1.8452276 | AG7: =AC7*$AD$2 -> 2.23312 | AI7: =AE7/$AH$4 -> 0.11174257 | AJ7: =AF7/$AH$4 -> 0.041766131 | AK7: =AG7/$AH$4 -> 0.050545948
A8: Week 1 NC 2 | B8: 0.0539 | C8: 0.055399999 | D8: 0.056499999 | E8: 0.056499999 | F8: 0.0559 | G8: 0.055799998 | H8: 0.055399999 | I8: 0.055100001 | J8: 0.055199999 | K8: 0.056699999 | L8: 0.062399998 | M8: 0.072400004 | N8: 0.088100001 | O8: 0.094700001 | P8: 0.086499996 | Q8: 0.0691 | R8: 0.056200001 | S8: 0.049199998 | T8: 0.046799999 | U8: 0.045499999 | V8: 0.045200001 | W8: =(O8-$O$131) -> 0.054483335 | X8: =(K8-$K$131) -> 0.016149998 | Y8: =(L8-$L$131) -> 0.021999998 | Z8: =(H8-$H$131) -> 0.014516666 | AA8: =11.93*W8-1.93*Y8 -> 0.6075262 | AB8: =20.36*Y8-5.5*W8 -> 0.14826161 | AC8: =24.36*Z8-3.73*W8 -> 0.15040314 | AE8: =AA8*$AD$2 -> 10.125437 | AF8: =AB8*$AD$2 -> 2.4710269 | AG8: =AC8*$AD$2 -> 2.506719 | AI8: =AE8/$AH$4 -> 0.22918598 | AJ8: =AF8/$AH$4 -> 0.055930894 | AK8: =AG8/$AH$4 -> 0.056738773
B9: 0.053599998 | C9: 0.055 | D9: 0.0561 | E9: 0.056299999 | F9: 0.055599999 | G9: 0.055100001 | H9: 0.055199999 | I9: 0.0548 | J9: 0.054699998 | K9: 0.056200001 | L9: 0.062399998 | M9: 0.072899997 | N9: 0.089400001 | O9: 0.096000001 | P9: 0.087800004 | Q9: 0.069600001 | R9: 0.055799998 | S9: 0.048500001 | T9: 0.0462 | U9: 0.044799998 | V9: 0.044500001 | W9: =(O9-$O$131) -> 0.055783335 | X9: =(K9-$K$131) -> 0.015650001 | Y9: =(L9-$L$131) -> 0.021999998 | Z9: =(H9-$H$131) -> 0.014316666 | AA9: =11.93*W9-1.93*Y9 -> 0.62303519 | AB9: =20.36*Y9-5.5*W9 -> 0.14111162 | AC9: =24.36*Z9-3.73*W9 -> 0.14068215 | AE9: =AA9*$AD$2 -> 10.38392 | AF9: =AB9*$AD$2 -> 2.3518603 | AG9: =AC9*$AD$2 -> 2.3447025 | AI9: =AE9/$AH$4 -> 0.23503667 | AJ9: =AF9/$AH$4 -> 0.053233596 | AK9: =AG9/$AH$4 -> 0.053071582
B10: 0.053399999 | C10: 0.055199999 | D10: 0.056499999 | E10: 0.056499999 | F10: 0.056000002 | G10: 0.0557 | H10: 0.055300001 | I10: 0.054900002 | J10: 0.054900002 | K10: 0.056699999 | L10: 0.063100003 | M10: 0.072999999 | N10: 0.089699998 | O10: 0.096100003 | P10: 0.087499999 | Q10: 0.069600001 | R10: 0.055799998 | S10: 0.048500001 | T10: 0.046100002 | U10: 0.044799998 | V10: 0.044599999 | W10: =(O10-$O$131) -> 0.055883337 | X10: =(K10-$K$131) -> 0.016149998 | Y10: =(L10-$L$131) -> 0.022700002 | Z10: =(H10-$H$131) -> 0.014416668 | AA10: =11.93*W10-1.93*Y10 -> 0.6228772 | AB10: =20.36*Y10-5.5*W10 -> 0.1548137 | AC10: =24.36*Z10-3.73*W10 -> 0.14274518 | AE10: =AA10*$AD$2 -> 10.381287 | AF10: =AB10*$AD$2 -> 2.5802283 | AG10: =AC10*$AD$2 -> 2.3790864 | AI10: =AE10/$AH$4 -> 0.23497706 | AJ10: =AF10/$AH$4 -> 0.058402632 | AK10: =AG10/$AH$4 -> 0.053849851
A11: Week 1 NC 3 | B11: 0.047400001 | C11: 0.048300002 | D11: 0.048799999 | E11: 0.048900001 | F11: 0.048599999 | G11: 0.048500001 | H11: 0.048500001 | I11: 0.0484 | J11: 0.048500001 | K11: 0.049199998 | L11: 0.052099999 | M11: 0.056600001 | N11: 0.064199999 | O11: 0.067599997 | P11: 0.064199999 | Q11: 0.056000002 | R11: 0.0495 | S11: 0.046 | T11: 0.0449 | U11: 0.044399999 | V11: 0.044100001 | W11: =(O11-$O$131) -> 0.027383331 | X11: =(K11-$K$131) -> 0.008649998 | Y11: =(L11-$L$131) -> 0.011699999 | Z11: =(H11-$H$131) -> 0.0076166683 | AA11: =11.93*W11-1.93*Y11 -> 0.30410214 | AB11: =20.36*Y11-5.5*W11 -> 0.087603653 | AC11: =24.36*Z11-3.73*W11 -> 0.083402215 | AE11: =AA11*$AD$2 -> 5.0683691 | AF11: =AB11*$AD$2 -> 1.4600609 | AG11: =AC11*$AD$2 -> 1.3900369 | AI11: =AE11/$AH$4 -> 0.11472089 | AJ11: =AF11/$AH$4 -> 0.033048005 | AK11: =AG11/$AH$4 -> 0.031463036
B12: 0.047400001 | C12: 0.0482 | D12: 0.048799999 | E12: 0.048799999 | F12: 0.048500001 | G12: 0.0482 | H12: 0.0484 | I12: 0.0482 | J12: 0.048300002 | K12: 0.0491 | L12: 0.0526 | M12: 0.0572 | N12: 0.065300003 | O12: 0.068999998 | P12: 0.065300003 | Q12: 0.056699999 | R12: 0.049899999 | S12: 0.046300001 | T12: 0.045200001 | U12: 0.044599999 | V12: 0.044500001 | W12: =(O12-$O$131) -> 0.028783333 | X12: =(K12-$K$131) -> 0.0085500001 | Y12: =(L12-$L$131) -> 0.0122 | Z12: =(H12-$H$131) -> 0.0075166666 | AA12: =11.93*W12-1.93*Y12 -> 0.31983916 | AB12: =20.36*Y12-5.5*W12 -> 0.090083666 | AC12: =24.36*Z12-3.73*W12 -> 0.075744169 | AE12: =AA12*$AD$2 -> 5.3306526 | AF12: =AB12*$AD$2 -> 1.5013944 | AG12: =AC12*$AD$2 -> 1.2624028 | AI12: =AE12/$AH$4 -> 0.1206576 | AJ12: =AF12/$AH$4 -> 0.033983577 | AK12: =AG12/$AH$4 -> 0.028574079
B13: 0.046799999 | C13: 0.047499999 | D13: 0.048099998 | E13: 0.048 | F13: 0.047499999 | G13: 0.047200002 | H13: 0.046999998 | I13: 0.046799999 | J13: 0.046700001 | K13: 0.047400001 | L13: 0.050299998 | M13: 0.0548 | N13: 0.062600002 | O13: 0.066 | P13: 0.0625 | Q13: 0.0539 | R13: 0.046999998 | S13: 0.043299999 | T13: 0.042199999 | U13: 0.041499998 | V13: 0.0414 | W13: =(O13-$O$131) -> 0.025783334 | X13: =(K13-$K$131) -> 0.0068500011 | Y13: =(L13-$L$131) -> 0.0098999981 | Z13: =(H13-$H$131) -> 0.0061166653 | AA13: =11.93*W13-1.93*Y13 -> 0.28848818 | AB13: =20.36*Y13-5.5*W13 -> 0.059755624 | AC13: =24.36*Z13-3.73*W13 -> 0.052830131 | AE13: =AA13*$AD$2 -> 4.8081363 | AF13: =AB13*$AD$2 -> 0.99592707 | AG13: =AC13*$AD$2 -> 0.88050218 | AI13: =AE13/$AH$4 -> 0.10883061 | AJ13: =AF13/$AH$4 -> 0.022542487 | AK13: =AG13/$AH$4 -> 0.019929882
W14: =(O14-$O$131) -> -0.040216666 | X14: =(K14-$K$131) -> -0.04055 | Y14: =(L14-$L$131) -> -0.0404 | Z14: =(H14-$H$131) -> -0.040883333 | AA14: =11.93*W14-1.93*Y14 -> -0.40181282 | AB14: =20.36*Y14-5.5*W14 -> -0.60135234 | AC14: =24.36*Z14-3.73*W14 -> -0.84590983 | AE14: =AA14*$AD$2 -> -6.6968804 | AF14: =AB14*$AD$2 -> -10.022539 | AG14: =AC14*$AD$2 -> -14.098497 | AI14: =AE14/$AH$4 -> -0.15158172 | AJ14: =AF14/$AH$4 -> -0.22685693 | AK14: =AG14/$AH$4 -> -0.31911492
A15: Week 1 Pro 1 | B15: 0.054299999 | C15: 0.0557 | D15: 0.056899998 | E15: 0.057300001 | F15: 0.057 | G15: 0.056600001 | H15: 0.0561 | I15: 0.055399999 | J15: 0.055199999 | K15: 0.056499999 | L15: 0.062799998 | M15: 0.072300002 | N15: 0.088500001 | O15: 0.095200002 | P15: 0.086900003 | Q15: 0.0691 | R15: 0.055599999 | S15: 0.0484 | T15: 0.046 | U15: 0.044799998 | V15: 0.044300001 | W15: =(O15-$O$131) -> 0.054983336 | X15: =(K15-$K$131) -> 0.015949999 | Y15: =(L15-$L$131) -> 0.022399997 | Z15: =(H15-$H$131) -> 0.015216667 | AA15: =11.93*W15-1.93*Y15 -> 0.61271921 | AB15: =20.36*Y15-5.5*W15 -> 0.1536556 | AC15: =24.36*Z15-3.73*W15 -> 0.16559015 | AE15: =AA15*$AD$2 -> 10.211987 | AF15: =AB15*$AD$2 -> 2.5609266 | AG15: =AC15*$AD$2 -> 2.7598359 | AI15: =AE15/$AH$4 -> 0.23114502 | AJ15: =AF15/$AH$4 -> 0.057965744 | AK15: =AG15/$AH$4 -> 0.062467992
B16: 0.054699998 | C16: 0.056200001 | D16: 0.057500001 | E16: 0.057799999 | F16: 0.057399999 | G16: 0.057100002 | H16: 0.056699999 | I16: 0.0559 | J16: 0.055399999 | K16: 0.056899998 | L16: 0.063299999 | M16: 0.072899997 | N16: 0.089500003 | O16: 0.096199997 | P16: 0.087499999 | Q16: 0.069399998 | R16: 0.055599999 | S16: 0.048300002 | T16: 0.0458 | U16: 0.044500001 | V16: 0.044199999 | W16: =(O16-$O$131) -> 0.055983331 | X16: =(K16-$K$131) -> 0.016349998 | Y16: =(L16-$L$131) -> 0.022899998 | Z16: =(H16-$H$131) -> 0.015816666 | AA16: =11.93*W16-1.93*Y16 -> 0.62368414 | AB16: =20.36*Y16-5.5*W16 -> 0.15833565 | AC16: =24.36*Z16-3.73*W16 -> 0.17647615 | AE16: =AA16*$AD$2 -> 10.394736 | AF16: =AB16*$AD$2 -> 2.6389274 | AG16: =AC16*$AD$2 -> 2.9412691 | AI16: =AE16/$AH$4 -> 0.23528148 | AJ16: =AF16/$AH$4 -> 0.059731268 | AK16: =AG16/$AH$4 -> 0.066574675
B17: 0.054099999 | C17: 0.055399999 | D17: 0.056600001 | E17: 0.057 | F17: 0.057 | G17: 0.056699999 | H17: 0.056400001 | I17: 0.056000002 | J17: 0.055599999 | K17: 0.057 | L17: 0.063500002 | M17: 0.073100001 | N17: 0.089599997 | O17: 0.096500002 | P17: 0.088100001 | Q17: 0.070200004 | R17: 0.0568 | S17: 0.0495 | T17: 0.0471 | U17: 0.046 | V17: 0.045600001 | W17: =(O17-$O$131) -> 0.056283336 | X17: =(K17-$K$131) -> 0.01645 | Y17: =(L17-$L$131) -> 0.023100002 | Z17: =(H17-$H$131) -> 0.015516668 | AA17: =11.93*W17-1.93*Y17 -> 0.6268772 | AB17: =20.36*Y17-5.5*W17 -> 0.16075769 | AC17: =24.36*Z17-3.73*W17 -> 0.16804919 | AE17: =AA17*$AD$2 -> 10.447953 | AF17: =AB17*$AD$2 -> 2.6792948 | AG17: =AC17*$AD$2 -> 2.8008198 | AI17: =AE17/$AH$4 -> 0.23648604 | AJ17: =AF17/$AH$4 -> 0.06064497 | AK17: =AG17/$AH$4 -> 0.063395649
A18: Week 1 Pro 2 | B18: 0.0484 | C18: 0.048999999 | D18: 0.0495 | E18: 0.049899999 | F18: 0.049400002 | G18: 0.049199998 | H18: 0.048999999 | I18: 0.048599999 | J18: 0.048500001 | K18: 0.049199998 | L18: 0.052000001 | M18: 0.056299999 | N18: 0.063600004 | O18: 0.066600002 | P18: 0.063000001 | Q18: 0.054900002 | R18: 0.048799999 | S18: 0.045299999 | T18: 0.044300001 | U18: 0.0436 | V18: 0.043400001 | W18: =(O18-$O$131) -> 0.026383337 | X18: =(K18-$K$131) -> 0.008649998 | Y18: =(L18-$L$131) -> 0.011600001 | Z18: =(H18-$H$131) -> 0.0081166656 | AA18: =11.93*W18-1.93*Y18 -> 0.2923652 | AB18: =20.36*Y18-5.5*W18 -> 0.091067664 | AC18: =24.36*Z18-3.73*W18 -> 0.099312129 | AE18: =AA18*$AD$2 -> 4.8727534 | AF18: =AB18*$AD$2 -> 1.5177944 | AG18: =AC18*$AD$2 -> 1.6552021 | AI18: =AE18/$AH$4 -> 0.1102932 | AJ18: =AF18/$AH$4 -> 0.034354785 | AK18: =AG18/$AH$4 -> 0.037464965
B19: 0.047200002 | C19: 0.047699999 | D19: 0.0482 | E19: 0.0482 | F19: 0.048099998 | G19: 0.047699999 | H19: 0.0473 | I19: 0.046999998 | J19: 0.046799999 | K19: 0.047400001 | L19: 0.050500002 | M19: 0.055100001 | N19: 0.063000001 | O19: 0.066200003 | P19: 0.0623 | Q19: 0.053599998 | R19: 0.046799999 | S19: 0.043099999 | T19: 0.042100001 | U19: 0.0414 | V19: 0.0414 | W19: =(O19-$O$131) -> 0.025983337 | X19: =(K19-$K$131) -> 0.0068500011 | Y19: =(L19-$L$131) -> 0.010100001 | Z19: =(H19-$H$131) -> 0.0064166666 | AA19: =11.93*W19-1.93*Y19 -> 0.29048821 | AB19: =20.36*Y19-5.5*W19 -> 0.062727675 | AC19: =24.36*Z19-3.73*W19 -> 0.059392151 | AE19: =AA19*$AD$2 -> 4.8414702 | AF19: =AB19*$AD$2 -> 1.0454612 | AG19: =AC19*$AD$2 -> 0.98986918 | AI19: =AE19/$AH$4 -> 0.10958511 | AJ19: =AF19/$AH$4 -> 0.023663677 | AK19: =AG19/$AH$4 -> 0.022405369
B20: 0.047400001 | C20: 0.047899999 | D20: 0.048500001 | E20: 0.048700001 | F20: 0.048599999 | G20: 0.0482 | H20: 0.048 | I20: 0.047699999 | J20: 0.047499999 | K20: 0.048300002 | L20: 0.0513 | M20: 0.055599999 | N20: 0.0634 | O20: 0.066600002 | P20: 0.062600002 | Q20: 0.054099999 | R20: 0.047499999 | S20: 0.044 | T20: 0.042800002 | U20: 0.042300001 | V20: 0.041999999 | W20: =(O20-$O$131) -> 0.026383337 | X20: =(K20-$K$131) -> 0.0077500014 | Y20: =(L20-$L$131) -> 0.0109 | Z20: =(H20-$H$131) -> 0.0071166673 | AA20: =11.93*W20-1.93*Y20 -> 0.29371621 | AB20: =20.36*Y20-5.5*W20 -> 0.076815651 | AC20: =24.36*Z20-3.73*W20 -> 0.07495217 | AE20: =AA20*$AD$2 -> 4.8952701 | AF20: =AB20*$AD$2 -> 1.2802608 | AG20: =AC20*$AD$2 -> 1.2492028 | AI20: =AE20/$AH$4 -> 0.11080285 | AJ20: =AF20/$AH$4 -> 0.02897829 | AK20: =AG20/$AH$4 -> 0.028275302
A21: Week 1 Pro 3 | B21: 0.053199999 | C21: 0.0546 | D21: 0.055500001 | E21: 0.055500001 | F21: 0.055 | G21: 0.054499999 | H21: 0.054000001 | I21: 0.053599998 | J21: 0.053399999 | K21: 0.0546 | L21: 0.060199998 | M21: 0.068899997 | N21: 0.084299996 | O21: 0.090999998 | P21: 0.083899997 | Q21: 0.067199998 | R21: 0.054200001 | S21: 0.046999998 | T21: 0.0447 | U21: 0.0436 | V21: 0.043099999 | W21: =(O21-$O$131) -> 0.050783332 | X21: =(K21-$K$131) -> 0.01405 | Y21: =(L21-$L$131) -> 0.019799998 | Z21: =(H21-$H$131) -> 0.013116668 | AA21: =11.93*W21-1.93*Y21 -> 0.56763116 | AB21: =20.36*Y21-5.5*W21 -> 0.12381963 | AC21: =24.36*Z21-3.73*W21 -> 0.13010021 | AE21: =AA21*$AD$2 -> 9.4605193 | AF21: =AB21*$AD$2 -> 2.0636605 | AG21: =AC21*$AD$2 -> 2.1683368 | AI21: =AE21/$AH$4 -> 0.21413579 | AJ21: =AF21/$AH$4 -> 0.046710288 | AK21: =AG21/$AH$4 -> 0.049079602
B22: 0.0568 | C22: 0.0581 | D22: 0.059 | E22: 0.0592 | F22: 0.058699999 | G22: 0.058200002 | H22: 0.057700001 | I22: 0.057300001 | J22: 0.057 | K22: 0.058400001 | L22: 0.064199999 | M22: 0.073299997 | N22: 0.089199997 | O22: 0.096199997 | P22: 0.088699996 | Q22: 0.071500003 | R22: 0.058200002 | S22: 0.050799999 | T22: 0.048500001 | U22: 0.0471 | V22: 0.046799999 | W22: =(O22-$O$131) -> 0.055983331 | X22: =(K22-$K$131) -> 0.017850001 | Y22: =(L22-$L$131) -> 0.023799999 | Z22: =(H22-$H$131) -> 0.016816668 | AA22: =11.93*W22-1.93*Y22 -> 0.62194714 | AB22: =20.36*Y22-5.5*W22 -> 0.17665965 | AC22: =24.36*Z22-3.73*W22 -> 0.2008362 | AE22: =AA22*$AD$2 -> 10.365786 | AF22: =AB22*$AD$2 -> 2.9443275 | AG22: =AC22*$AD$2 -> 3.34727 | AI22: =AE22/$AH$4 -> 0.2346262 | AJ22: =AF22/$AH$4 -> 0.066643901 | AK22: =AG22/$AH$4 -> 0.075764372
B23: 0.055599999 | C23: 0.057 | D23: 0.057999998 | E23: 0.057999998 | F23: 0.057500001 | G23: 0.057 | H23: 0.056400001 | I23: 0.0559 | J23: 0.055599999 | K23: 0.057100002 | L23: 0.063100003 | M23: 0.072300002 | N23: 0.088399999 | O23: 0.095600002 | P23: 0.088100001 | Q23: 0.070799999 | R23: 0.057 | S23: 0.0493 | T23: 0.0469 | U23: 0.045699999 | V23: 0.045299999 | W23: =(O23-$O$131) -> 0.055383336 | X23: =(K23-$K$131) -> 0.016550001 | Y23: =(L23-$L$131) -> 0.022700002 | Z23: =(H23-$H$131) -> 0.015516668 | AA23: =11.93*W23-1.93*Y23 -> 0.61691219 | AB23: =20.36*Y23-5.5*W23 -> 0.1575637 | AC23: =24.36*Z23-3.73*W23 -> 0.17140619 | AE23: =AA23*$AD$2 -> 10.28187 | AF23: =AB23*$AD$2 -> 2.6260617 | AG23: =AC23*$AD$2 -> 2.8567698 | AI23: =AE23/$AH$4 -> 0.2327268 | AJ23: =AF23/$AH$4 -> 0.059440057 | AK23: =AG23/$AH$4 -> 0.06466206
W24: =(O24-$O$131) -> -0.040216666 | X24: =(K24-$K$131) -> -0.04055 | Y24: =(L24-$L$131) -> -0.0404 | Z24: =(H24-$H$131) -> -0.040883333 | AA24: =11.93*W24-1.93*Y24 -> -0.40181282 | AB24: =20.36*Y24-5.5*W24 -> -0.60135234 | AC24: =24.36*Z24-3.73*W24 -> -0.84590983 | AE24: =AA24*$AD$2 -> -6.6968804 | AF24: =AB24*$AD$2 -> -10.022539 | AG24: =AC24*$AD$2 -> -14.098497 | AI24: =AE24/$AH$4 -> -0.15158172 | AJ24: =AF24/$AH$4 -> -0.22685693 | AK24: =AG24/$AH$4 -> -0.31911492
A25: Week 1 Cip 1 | B25: 0.052900001 | C25: 0.0535 | D25: 0.054299999 | E25: 0.054299999 | F25: 0.054000001 | G25: 0.053800002 | H25: 0.053300001 | I25: 0.052700002 | J25: 0.052900001 | K25: 0.053300001 | L25: 0.056699999 | M25: 0.063299999 | N25: 0.073299997 | O25: 0.077500001 | P25: 0.0722 | Q25: 0.061000001 | R25: 0.052099999 | S25: 0.047400001 | T25: 0.045699999 | U25: 0.0449 | V25: 0.0447 | W25: =(O25-$O$131) -> 0.037283335 | X25: =(K25-$K$131) -> 0.01275 | Y25: =(L25-$L$131) -> 0.016299998 | Z25: =(H25-$H$131) -> 0.012416668 | AA25: =11.93*W25-1.93*Y25 -> 0.41333119 | AB25: =20.36*Y25-5.5*W25 -> 0.12680963 | AC25: =24.36*Z25-3.73*W25 -> 0.16340318 | AE25: =AA25*$AD$2 -> 6.8888531 | AF25: =AB25*$AD$2 -> 2.1134938 | AG25: =AC25*$AD$2 -> 2.7233864 | AI25: =AE25/$AH$4 -> 0.15592696 | AJ25: =AF25/$AH$4 -> 0.047838247 | AK25: =AG25/$AH$4 -> 0.06164297
B26: 0.055199999 | C26: 0.055799998 | D26: 0.056400001 | E26: 0.0568 | F26: 0.056499999 | G26: 0.056299999 | H26: 0.056000002 | I26: 0.0557 | J26: 0.055199999 | K26: 0.056000002 | L26: 0.060400002 | M26: 0.066600002 | N26: 0.077699997 | O26: 0.082599998 | P26: 0.077799998 | Q26: 0.066600002 | R26: 0.057599999 | S26: 0.052700002 | T26: 0.050900001 | U26: 0.0502 | V26: 0.049899999 | W26: =(O26-$O$131) -> 0.042383332 | X26: =(K26-$K$131) -> 0.015450001 | Y26: =(L26-$L$131) -> 0.020000001 | Z26: =(H26-$H$131) -> 0.015116669 | AA26: =11.93*W26-1.93*Y26 -> 0.46703315 | AB26: =20.36*Y26-5.5*W26 -> 0.1740917 | AC26: =24.36*Z26-3.73*W26 -> 0.21015222 | AE26: =AA26*$AD$2 -> 7.7838858 | AF26: =AB26*$AD$2 -> 2.9015284 | AG26: =AC26*$AD$2 -> 3.502537 | AI26: =AE26/$AH$4 -> 0.17618573 | AJ26: =AF26/$AH$4 -> 0.065675156 | AK26: =AG26/$AH$4 -> 0.079278791
B27: 0.057 | C27: 0.057799999 | D27: 0.058400001 | E27: 0.0583 | F27: 0.057799999 | G27: 0.057700001 | H27: 0.057700001 | I27: 0.057 | J27: 0.056899998 | K27: 0.057700001 | L27: 0.061500002 | M27: 0.0678 | N27: 0.0788 | O27: 0.083899997 | P27: 0.078299999 | Q27: 0.066500001 | R27: 0.056899998 | S27: 0.052200001 | T27: 0.0502 | U27: 0.049199998 | V27: 0.048999999 | W27: =(O27-$O$131) -> 0.043683331 | X27: =(K27-$K$131) -> 0.01715 | Y27: =(L27-$L$131) -> 0.021100001 | Z27: =(H27-$H$131) -> 0.016816668 | AA27: =11.93*W27-1.93*Y27 -> 0.48041914 | AB27: =20.36*Y27-5.5*W27 -> 0.18933771 | AC27: =24.36*Z27-3.73*W27 -> 0.2467152 | AE27: =AA27*$AD$2 -> 8.0069857 | AF27: =AB27*$AD$2 -> 3.1556284 | AG27: =AC27*$AD$2 -> 4.1119199 | AI27: =AE27/$AH$4 -> 0.18123553 | AJ27: =AF27/$AH$4 -> 0.071426628 | AK27: =AG27/$AH$4 -> 0.093071977
A28: Week 1 Cip 2 | B28: 0.045600001 | C28: 0.045899998 | D28: 0.046300001 | E28: 0.0462 | F28: 0.045899998 | G28: 0.0458 | H28: 0.045699999 | I28: 0.045600001 | J28: 0.045400001 | K28: 0.045600001 | L28: 0.0471 | M28: 0.0495 | N28: 0.053399999 | O28: 0.055100001 | P28: 0.053199999 | Q28: 0.048500001 | R28: 0.0451 | S28: 0.043200001 | T28: 0.0425 | U28: 0.041999999 | V28: 0.0418 | W28: =(O28-$O$131) -> 0.014883336 | X28: =(K28-$K$131) -> 0.0050500004 | Y28: =(L28-$L$131) -> 0.0066999998 | Z28: =(H28-$H$131) -> 0.0048166656 | AA28: =11.93*W28-1.93*Y28 -> 0.1646272 | AB28: =20.36*Y28-5.5*W28 -> 0.05455365 | AC28: =24.36*Z28-3.73*W28 -> 0.061819133 | AE28: =AA28*$AD$2 -> 2.7437866 | AF28: =AB28*$AD$2 -> 0.90922749 | AG28: =AC28*$AD$2 -> 1.0303189 | AI28: =AE28/$AH$4 -> 0.062104721 | AJ28: =AF28/$AH$4 -> 0.02058007 | AK28: =AG28/$AH$4 -> 0.023320934
B29: 0.046700001 | C29: 0.0471 | D29: 0.047600001 | E29: 0.047699999 | F29: 0.047400001 | G29: 0.0471 | H29: 0.046999998 | I29: 0.046700001 | J29: 0.046700001 | K29: 0.0473 | L29: 0.0491 | M29: 0.051399998 | N29: 0.055399999 | O29: 0.056899998 | P29: 0.054499999 | Q29: 0.050099999 | R29: 0.0469 | S29: 0.0451 | T29: 0.044199999 | U29: 0.0438 | V29: 0.043400001 | W29: =(O29-$O$131) -> 0.016683333 | X29: =(K29-$K$131) -> 0.0067499994 | Y29: =(L29-$L$131) -> 0.0087000001 | Z29: =(H29-$H$131) -> 0.0061166653 | AA29: =11.93*W29-1.93*Y29 -> 0.18224116 | AB29: =20.36*Y29-5.5*W29 -> 0.085373673 | AC29: =24.36*Z29-3.73*W29 -> 0.086773136 | AE29: =AA29*$AD$2 -> 3.0373526 | AF29: =AB29*$AD$2 -> 1.4228946 | AG29: =AC29*$AD$2 -> 1.4462189 | AI29: =AE29/$AH$4 -> 0.068749494 | AJ29: =AF29/$AH$4 -> 0.032206758 | AK29: =AG29/$AH$4 -> 0.032734697
B30: 0.0462 | C30: 0.046500001 | D30: 0.0471 | E30: 0.047200002 | F30: 0.0471 | G30: 0.046700001 | H30: 0.046599999 | I30: 0.046100002 | J30: 0.046 | K30: 0.046500001 | L30: 0.048300002 | M30: 0.050799999 | N30: 0.054900002 | O30: 0.056299999 | P30: 0.054099999 | Q30: 0.049600001 | R30: 0.046300001 | S30: 0.044399999 | T30: 0.044 | U30: 0.043400001 | V30: 0.043200001 | W30: =(O30-$O$131) -> 0.016083334 | X30: =(K30-$K$131) -> 0.0059500008 | Y30: =(L30-$L$131) -> 0.0079000015 | Z30: =(H30-$H$131) -> 0.005716666 | AA30: =11.93*W30-1.93*Y30 -> 0.17662717 | AB30: =20.36*Y30-5.5*W30 -> 0.072385695 | AC30: =24.36*Z30-3.73*W30 -> 0.079267148 | AE30: =AA30*$AD$2 -> 2.9437861 | AF30: =AB30*$AD$2 -> 1.2064283 | AG30: =AC30*$AD$2 -> 1.3211191 | AI30: =AE30/$AH$4 -> 0.066631646 | AJ30: =AF30/$AH$4 -> 0.027307113 | AK30: =AG30/$AH$4 -> 0.029903104
A31: Week 1 Cip 3 | B31: 0.050799999 | C31: 0.052299999 | D31: 0.053399999 | E31: 0.053800002 | F31: 0.053399999 | G31: 0.052700002 | H31: 0.052200001 | I31: 0.051600002 | J31: 0.0513 | K31: 0.052700002 | L31: 0.0594 | M31: 0.069300003 | N31: 0.086000003 | O31: 0.092699997 | P31: 0.084399998 | Q31: 0.066699997 | R31: 0.053100001 | S31: 0.045899998 | T31: 0.043900002 | U31: 0.042599998 | V31: 0.042300001 | W31: =(O31-$O$131) -> 0.052483331 | X31: =(K31-$K$131) -> 0.012150001 | Y31: =(L31-$L$131) -> 0.018999999 | Z31: =(H31-$H$131) -> 0.011316668 | AA31: =11.93*W31-1.93*Y31 -> 0.58945614 | AB31: =20.36*Y31-5.5*W31 -> 0.098181665 | AC31: =24.36*Z31-3.73*W31 -> 0.079911197 | AE31: =AA31*$AD$2 -> 9.8242691 | AF31: =AB31*$AD$2 -> 1.6363611 | AG31: =AC31*$AD$2 -> 1.3318533 | AI31: =AE31/$AH$4 -> 0.22236915 | AJ31: =AF31/$AH$4 -> 0.037038503 | AK31: =AG31/$AH$4 -> 0.030146068
B32: 0.0517 | C32: 0.053199999 | D32: 0.054099999 | E32: 0.054299999 | F32: 0.054099999 | G32: 0.0539 | H32: 0.053399999 | I32: 0.0528 | J32: 0.052200001 | K32: 0.053599998 | L32: 0.060600001 | M32: 0.070900001 | N32: 0.088399999 | O32: 0.0955 | P32: 0.086999997 | Q32: 0.068300001 | R32: 0.054099999 | S32: 0.046799999 | T32: 0.0447 | U32: 0.043699998 | V32: 0.0436 | W32: =(O32-$O$131) -> 0.055283334 | X32: =(K32-$K$131) -> 0.013049998 | Y32: =(L32-$L$131) -> 0.020200001 | Z32: =(H32-$H$131) -> 0.012516666 | AA32: =11.93*W32-1.93*Y32 -> 0.62054417 | AB32: =20.36*Y32-5.5*W32 -> 0.10721368 | AC32: =24.36*Z32-3.73*W32 -> 0.098699137 | AE32: =AA32*$AD$2 -> 10.342403 | AF32: =AB32*$AD$2 -> 1.7868947 | AG32: =AC32*$AD$2 -> 1.6449856 | AI32: =AE32/$AH$4 -> 0.23409694 | AJ32: =AF32/$AH$4 -> 0.040445784 | AK32: =AG32/$AH$4 -> 0.037233717
B33: 0.052900001 | C33: 0.054400001 | D33: 0.055500001 | E33: 0.0557 | F33: 0.0557 | G33: 0.055199999 | H33: 0.054699998 | I33: 0.054200001 | J33: 0.053800002 | K33: 0.055300001 | L33: 0.0623 | M33: 0.0726 | N33: 0.090599999 | O33: 0.097999997 | P33: 0.089199997 | Q33: 0.0704 | R33: 0.0557 | S33: 0.0482 | T33: 0.046 | U33: 0.0449 | V33: 0.0447 | W33: =(O33-$O$131) -> 0.057783332 | X33: =(K33-$K$131) -> 0.014750001 | Y33: =(L33-$L$131) -> 0.0219 | Z33: =(H33-$H$131) -> 0.013816665 | AA33: =11.93*W33-1.93*Y33 -> 0.64708815 | AB33: =20.36*Y33-5.5*W33 -> 0.12807568 | AC33: =24.36*Z33-3.73*W33 -> 0.12104214 | AE33: =AA33*$AD$2 -> 10.784802 | AF33: =AB33*$AD$2 -> 2.1345946 | AG33: =AC33*$AD$2 -> 2.017369 | AI33: =AE33/$AH$4 -> 0.24411051 | AJ33: =AF33/$AH$4 -> 0.048315858 | AK33: =AG33/$AH$4 -> 0.045662494
W34: =(O34-$O$131) -> -0.040216666 | X34: =(K34-$K$131) -> -0.04055 | Y34: =(L34-$L$131) -> -0.0404 | Z34: =(H34-$H$131) -> -0.040883333 | AA34: =11.93*W34-1.93*Y34 -> -0.40181282 | AB34: =20.36*Y34-5.5*W34 -> -0.60135234 | AC34: =24.36*Z34-3.73*W34 -> -0.84590983 | AE34: =AA34*$AD$2 -> -6.6968804 | AF34: =AB34*$AD$2 -> -10.022539 | AG34: =AC34*$AD$2 -> -14.098497 | AI34: =AE34/$AH$4 -> -0.15158172 | AJ34: =AF34/$AH$4 -> -0.22685693 | AK34: =AG34/$AH$4 -> -0.31911492
A35: Week 1 Mix 1 | B35: 0.0515 | C35: 0.051800001 | D35: 0.052099999 | E35: 0.052299999 | F35: 0.0517 | G35: 0.0515 | H35: 0.050900001 | I35: 0.050700001 | J35: 0.0506 | K35: 0.051100001 | L35: 0.054499999 | M35: 0.0592 | N35: 0.066699997 | O35: 0.069600001 | P35: 0.0656 | Q35: 0.057300001 | R35: 0.050799999 | S35: 0.047800001 | T35: 0.046599999 | U35: 0.045899998 | V35: 0.045499999 | W35: =(O35-$O$131) -> 0.029383335 | X35: =(K35-$K$131) -> 0.01055 | Y35: =(L35-$L$131) -> 0.014099998 | Z35: =(H35-$H$131) -> 0.010016668 | AA35: =11.93*W35-1.93*Y35 -> 0.32333019 | AB35: =20.36*Y35-5.5*W35 -> 0.12546762 | AC35: =24.36*Z35-3.73*W35 -> 0.13440619 | AE35: =AA35*$AD$2 -> 5.3888365 | AF35: =AB35*$AD$2 -> 2.0911271 | AG35: =AC35*$AD$2 -> 2.2401032 | AI35: =AE35/$AH$4 -> 0.12197457 | AJ35: =AF35/$AH$4 -> 0.047331984 | AK35: =AG35/$AH$4 -> 0.050704011
B36: 0.054200001 | C36: 0.054900002 | D36: 0.055300001 | E36: 0.055399999 | F36: 0.0548 | G36: 0.054699998 | H36: 0.054099999 | I36: 0.0537 | J36: 0.052999999 | K36: 0.0537 | L36: 0.057 | M36: 0.061500002 | N36: 0.069300003 | O36: 0.0722 | P36: 0.068099998 | Q36: 0.059700001 | R36: 0.053100001 | S36: 0.049600001 | T36: 0.048300002 | U36: 0.0473 | V36: 0.046799999 | W36: =(O36-$O$131) -> 0.031983335 | X36: =(K36-$K$131) -> 0.01315 | Y36: =(L36-$L$131) -> 0.0166 | Z36: =(H36-$H$131) -> 0.013216666 | AA36: =11.93*W36-1.93*Y36 -> 0.34952318 | AB36: =20.36*Y36-5.5*W36 -> 0.16206765 | AC36: =24.36*Z36-3.73*W36 -> 0.20266015 | AE36: =AA36*$AD$2 -> 5.8253864 | AF36: =AB36*$AD$2 -> 2.7011276 | AG36: =AC36*$AD$2 -> 3.3776692 | AI36: =AE36/$AH$4 -> 0.13185573 | AJ36: =AF36/$AH$4 -> 0.061139148 | AK36: =AG36/$AH$4 -> 0.076452449
B37: 0.061900001 | C37: 0.062600002 | D37: 0.065300003 | E37: 0.0678 | F37: 0.0682 | G37: 0.068099998 | H37: 0.067299999 | I37: 0.067599997 | J37: 0.066500001 | K37: 0.067000002 | L37: 0.069899999 | M37: 0.0744 | N37: 0.082199998 | O37: 0.084799998 | P37: 0.080200002 | Q37: 0.070299998 | R37: 0.063299999 | S37: 0.059599999 | T37: 0.059 | U37: 0.0581 | V37: 0.058200002 | W37: =(O37-$O$131) -> 0.044583332 | X37: =(K37-$K$131) -> 0.026450001 | Y37: =(L37-$L$131) -> 0.029499998 | Z37: =(H37-$H$131) -> 0.026416666 | AA37: =11.93*W37-1.93*Y37 -> 0.47494415 | AB37: =20.36*Y37-5.5*W37 -> 0.35541164 | AC37: =24.36*Z37-3.73*W37 -> 0.47721416 | AE37: =AA37*$AD$2 -> 7.9157359 | AF37: =AB37*$AD$2 -> 5.9235273 | AG37: =AC37*$AD$2 -> 7.9535693 | AI37: =AE37/$AH$4 -> 0.17917012 | AJ37: =AF37/$AH$4 -> 0.13407712 | AK37: =AG37/$AH$4 -> 0.18002647
A38: Week 1 Mix 2 | B38: 0.0592 | C38: 0.060199998 | D38: 0.060899999 | E38: 0.060899999 | F38: 0.061000001 | G38: 0.0605 | H38: 0.060899999 | I38: 0.060199998 | J38: 0.0601 | K38: 0.061299998 | L38: 0.066299997 | M38: 0.075800002 | N38: 0.090599999 | O38: 0.096699998 | P38: 0.0889 | Q38: 0.072800003 | R38: 0.061299998 | S38: 0.0546 | T38: 0.052200001 | U38: 0.051600002 | V38: 0.050999999 | W38: =(O38-$O$131) -> 0.056483332 | X38: =(K38-$K$131) -> 0.020749998 | Y38: =(L38-$L$131) -> 0.025899997 | Z38: =(H38-$H$131) -> 0.020016666 | AA38: =11.93*W38-1.93*Y38 -> 0.62385916 | AB38: =20.36*Y38-5.5*W38 -> 0.21666561 | AC38: =24.36*Z38-3.73*W38 -> 0.27692315 | AE38: =AA38*$AD$2 -> 10.397653 | AF38: =AB38*$AD$2 -> 3.6110935 | AG38: =AC38*$AD$2 -> 4.6153859 | AI38: =AE38/$AH$4 -> 0.2353475 | AJ38: =AF38/$AH$4 -> 0.081735933 | AK38: =AG38/$AH$4 -> 0.10446777
B39: 0.059300002 | C39: 0.0605 | D39: 0.061700001 | E39: 0.061700001 | F39: 0.0616 | G39: 0.060800001 | H39: 0.0603 | I39: 0.059999999 | J39: 0.059599999 | K39: 0.060400002 | L39: 0.065200001 | M39: 0.075099997 | N39: 0.090099998 | O39: 0.096199997 | P39: 0.088399999 | Q39: 0.072499998 | R39: 0.059999999 | S39: 0.053300001 | T39: 0.051100001 | U39: 0.049899999 | V39: 0.0504 | W39: =(O39-$O$131) -> 0.055983331 | X39: =(K39-$K$131) -> 0.019850001 | Y39: =(L39-$L$131) -> 0.024800001 | Z39: =(H39-$H$131) -> 0.019416667 | AA39: =11.93*W39-1.93*Y39 -> 0.62001714 | AB39: =20.36*Y39-5.5*W39 -> 0.19701969 | AC39: =24.36*Z39-3.73*W39 -> 0.26417218 | AE39: =AA39*$AD$2 -> 10.333619 | AF39: =AB39*$AD$2 -> 3.2836616 | AG39: =AC39*$AD$2 -> 4.4028697 | AI39: =AE39/$AH$4 -> 0.23389812 | AJ39: =AF39/$AH$4 -> 0.074324617 | AK39: =AG39/$AH$4 -> 0.09965753
B40: 0.059799999 | C40: 0.0605 | D40: 0.0612 | E40: 0.061700001 | F40: 0.061299998 | G40: 0.060600001 | H40: 0.0601 | I40: 0.059900001 | J40: 0.059500001 | K40: 0.0612 | L40: 0.067400001 | M40: 0.076099999 | N40: 0.090899996 | O40: 0.097400002 | P40: 0.089599997 | Q40: 0.072999999 | R40: 0.0603 | S40: 0.0539 | T40: 0.051399998 | U40: 0.050299998 | V40: 0.050299998 | W40: =(O40-$O$131) -> 0.057183336 | X40: =(K40-$K$131) -> 0.02065 | Y40: =(L40-$L$131) -> 0.027000001 | Z40: =(H40-$H$131) -> 0.019216667 | AA40: =11.93*W40-1.93*Y40 -> 0.6300872 | AB40: =20.36*Y40-5.5*W40 -> 0.23521166 | AC40: =24.36*Z40-3.73*W40 -> 0.25482417 | AE40: =AA40*$AD$2 -> 10.501453 | AF40: =AB40*$AD$2 -> 3.9201944 | AG40: =AC40*$AD$2 -> 4.2470695 | AI40: =AE40/$AH$4 -> 0.237697 | AJ40: =AF40/$AH$4 -> 0.088732331 | AK40: =AG40/$AH$4 -> 0.096131043
A41: Week 1 Mix 3 | B41: 0.0546 | C41: 0.055599999 | D41: 0.056200001 | E41: 0.056400001 | F41: 0.0561 | G41: 0.055500001 | H41: 0.055199999 | I41: 0.054900002 | J41: 0.0546 | K41: 0.055599999 | L41: 0.059900001 | M41: 0.066600002 | N41: 0.078500003 | O41: 0.0836 | P41: 0.078299999 | Q41: 0.065499999 | R41: 0.055300001 | S41: 0.049699999 | T41: 0.047800001 | U41: 0.046700001 | V41: 0.0462 | W41: =(O41-$O$131) -> 0.043383334 | X41: =(K41-$K$131) -> 0.015049998 | Y41: =(L41-$L$131) -> 0.0195 | Z41: =(H41-$H$131) -> 0.014316666 | AA41: =11.93*W41-1.93*Y41 -> 0.47992817 | AB41: =20.36*Y41-5.5*W41 -> 0.15841167 | AC41: =24.36*Z41-3.73*W41 -> 0.18693415 | AE41: =AA41*$AD$2 -> 7.9988029 | AF41: =AB41*$AD$2 -> 2.6401945 | AG41: =AC41*$AD$2 -> 3.1155692 | AI41: =AE41/$AH$4 -> 0.18105031 | AJ41: =AF41/$AH$4 -> 0.059759949 | AK41: =AG41/$AH$4 -> 0.070519901
B42: 0.057399999 | C42: 0.058400001 | D42: 0.0592 | E42: 0.0594 | F42: 0.059 | G42: 0.058499999 | H42: 0.0583 | I42: 0.057999998 | J42: 0.057700001 | K42: 0.058699999 | L42: 0.063199997 | M42: 0.070200004 | N42: 0.082599998 | O42: 0.088 | P42: 0.082599998 | Q42: 0.069200002 | R42: 0.058499999 | S42: 0.0526 | T42: 0.050500002 | U42: 0.0495 | V42: 0.0491 | W42: =(O42-$O$131) -> 0.047783334 | X42: =(K42-$K$131) -> 0.018149999 | Y42: =(L42-$L$131) -> 0.022799997 | Z42: =(H42-$H$131) -> 0.017416667 | AA42: =11.93*W42-1.93*Y42 -> 0.52605118 | AB42: =20.36*Y42-5.5*W42 -> 0.2013996 | AC42: =24.36*Z42-3.73*W42 -> 0.24603816 | AE42: =AA42*$AD$2 -> 8.7675196 | AF42: =AB42*$AD$2 -> 3.3566599 | AG42: =AC42*$AD$2 -> 4.100636 | AI42: =AE42/$AH$4 -> 0.19844997 | AJ42: =AF42/$AH$4 -> 0.075976911 | AK42: =AG42/$AH$4 -> 0.09281657
B43: 0.057300001 | C43: 0.058200002 | D43: 0.059 | E43: 0.059 | F43: 0.058400001 | G43: 0.0581 | H43: 0.057599999 | I43: 0.057300001 | J43: 0.0572 | K43: 0.057999998 | L43: 0.061900001 | M43: 0.068300001 | N43: 0.079599999 | O43: 0.084600002 | P43: 0.079599999 | Q43: 0.067599997 | R43: 0.057399999 | S43: 0.051800001 | T43: 0.049800001 | U43: 0.048799999 | V43: 0.048700001 | W43: =(O43-$O$131) -> 0.044383336 | X43: =(K43-$K$131) -> 0.017449998 | Y43: =(L43-$L$131) -> 0.021500001 | Z43: =(H43-$H$131) -> 0.016716666 | AA43: =11.93*W43-1.93*Y43 -> 0.4879982 | AB43: =20.36*Y43-5.5*W43 -> 0.19363167 | AC43: =24.36*Z43-3.73*W43 -> 0.24166814 | AE43: =AA43*$AD$2 -> 8.1333033 | AF43: =AB43*$AD$2 -> 3.2271945 | AG43: =AC43*$AD$2 -> 4.0278023 | AI43: =AE43/$AH$4 -> 0.18409469 | AJ43: =AF43/$AH$4 -> 0.073046502 | AK43: =AG43/$AH$4 -> 0.091168002
W44: =(O44-$O$131) -> -0.040216666 | X44: =(K44-$K$131) -> -0.04055 | Y44: =(L44-$L$131) -> -0.0404 | Z44: =(H44-$H$131) -> -0.040883333 | AA44: =11.93*W44-1.93*Y44 -> -0.40181282 | AB44: =20.36*Y44-5.5*W44 -> -0.60135234 | AC44: =24.36*Z44-3.73*W44 -> -0.84590983 | AE44: =AA44*$AD$2 -> -6.6968804 | AF44: =AB44*$AD$2 -> -10.022539 | AG44: =AC44*$AD$2 -> -14.098497 | AI44: =AE44/$AH$4 -> -0.15158172 | AJ44: =AF44/$AH$4 -> -0.22685693 | AK44: =AG44/$AH$4 -> -0.31911492
A45: Week 2 NC 1 | B45: 0.046599999 | C45: 0.047400001 | D45: 0.047899999 | E45: 0.048300002 | F45: 0.0484 | G45: 0.047899999 | H45: 0.047600001 | I45: 0.047400001 | J45: 0.047200002 | K45: 0.047899999 | L45: 0.0517 | M45: 0.0572 | N45: 0.065499999 | O45: 0.068599999 | P45: 0.063600004 | Q45: 0.054200001 | R45: 0.0471 | S45: 0.0436 | T45: 0.0427 | U45: 0.041999999 | V45: 0.041700002 | W45: =(O45-$O$131) -> 0.028383333 | X45: =(K45-$K$131) -> 0.0073499984 | Y45: =(L45-$L$131) -> 0.011299999 | Z45: =(H45-$H$131) -> 0.006716668 | AA45: =11.93*W45-1.93*Y45 -> 0.31680417 | AB45: =20.36*Y45-5.5*W45 -> 0.073959656 | AC45: =24.36*Z45-3.73*W45 -> 0.057748199 | AE45: =AA45*$AD$2 -> 5.2800694 | AF45: =AB45*$AD$2 -> 1.2326609 | AG45: =AC45*$AD$2 -> 0.96246999 | AI45: =AE45/$AH$4 -> 0.11951266 | AJ45: =AF45/$AH$4 -> 0.027900881 | AK45: =AG45/$AH$4 -> 0.021785197
B46: 0.046100002 | C46: 0.046799999 | D46: 0.047600001 | E46: 0.047899999 | F46: 0.047800001 | G46: 0.047699999 | H46: 0.047400001 | I46: 0.0469 | J46: 0.046799999 | K46: 0.047699999 | L46: 0.0515 | M46: 0.057 | N46: 0.066 | O46: 0.0691 | P46: 0.063600004 | Q46: 0.054000001 | R46: 0.046999998 | S46: 0.043299999 | T46: 0.042100001 | U46: 0.041299999 | V46: 0.0414 | W46: =(O46-$O$131) -> 0.028883334 | X46: =(K46-$K$131) -> 0.0071499987 | Y46: =(L46-$L$131) -> 0.0111 | Z46: =(H46-$H$131) -> 0.0065166683 | AA46: =11.93*W46-1.93*Y46 -> 0.32315518 | AB46: =20.36*Y46-5.5*W46 -> 0.067137657 | AC46: =24.36*Z46-3.73*W46 -> 0.051011204 | AE46: =AA46*$AD$2 -> 5.3859196 | AF46: =AB46*$AD$2 -> 1.1189609 | AG46: =AC46*$AD$2 -> 0.85018673 | AI46: =AE46/$AH$4 -> 0.12190855 | AJ46: =AF46/$AH$4 -> 0.025327319 | AK46: =AG46/$AH$4 -> 0.019243701
B47: 0.046300001 | C47: 0.046999998 | D47: 0.047600001 | E47: 0.047899999 | F47: 0.047899999 | G47: 0.047699999 | H47: 0.047200002 | I47: 0.046799999 | J47: 0.046500001 | K47: 0.0473 | L47: 0.0513 | M47: 0.057100002 | N47: 0.066200003 | O47: 0.069399998 | P47: 0.064000003 | Q47: 0.054000001 | R47: 0.046599999 | S47: 0.042800002 | T47: 0.0418 | U47: 0.041099999 | V47: 0.040899999 | W47: =(O47-$O$131) -> 0.029183332 | X47: =(K47-$K$131) -> 0.0067499994 | Y47: =(L47-$L$131) -> 0.0109 | Z47: =(H47-$H$131) -> 0.0063166687 | AA47: =11.93*W47-1.93*Y47 -> 0.32712015 | AB47: =20.36*Y47-5.5*W47 -> 0.061415677 | AC47: =24.36*Z47-3.73*W47 -> 0.045020221 | AE47: =AA47*$AD$2 -> 5.4520025 | AF47: =AB47*$AD$2 -> 1.0235946 | AG47: =AC47*$AD$2 -> 0.75033701 | AI47: =AE47/$AH$4 -> 0.12340431 | AJ47: =AF47/$AH$4 -> 0.023168733 | AK47: =AG47/$AH$4 -> 0.016983635
A48: Week 2 NC 2 | B48: 0.050500002 | C48: 0.0517 | D48: 0.0526 | E48: 0.052999999 | F48: 0.052999999 | G48: 0.0526 | H48: 0.051800001 | I48: 0.051199999 | J48: 0.050900001 | K48: 0.052099999 | L48: 0.057500001 | M48: 0.065700002 | N48: 0.079099998 | O48: 0.083800003 | P48: 0.076200001 | Q48: 0.0616 | R48: 0.050900001 | S48: 0.045299999 | T48: 0.043499999 | U48: 0.042399999 | V48: 0.042199999 | W48: =(O48-$O$131) -> 0.043583337 | X48: =(K48-$K$131) -> 0.011549999 | Y48: =(L48-$L$131) -> 0.017100001 | Z48: =(H48-$H$131) -> 0.010916668 | AA48: =11.93*W48-1.93*Y48 -> 0.48694621 | AB48: =20.36*Y48-5.5*W48 -> 0.10844766 | AC48: =24.36*Z48-3.73*W48 -> 0.10336419 | AE48: =AA48*$AD$2 -> 8.1157702 | AF48: =AB48*$AD$2 -> 1.807461 | AG48: =AC48*$AD$2 -> 1.7227365 | AI48: =AE48/$AH$4 -> 0.18369783 | AJ48: =AF48/$AH$4 -> 0.040911295 | AK48: =AG48/$AH$4 -> 0.038993584
B49: 0.050099999 | C49: 0.051199999 | D49: 0.052299999 | E49: 0.052900001 | F49: 0.0528 | G49: 0.0524 | H49: 0.0517 | I49: 0.050999999 | J49: 0.050500002 | K49: 0.051899999 | L49: 0.057599999 | M49: 0.065899998 | N49: 0.079700001 | O49: 0.084700003 | P49: 0.076700002 | Q49: 0.061799999 | R49: 0.050700001 | S49: 0.045000002 | T49: 0.043200001 | U49: 0.042100001 | V49: 0.0418 | W49: =(O49-$O$131) -> 0.044483338 | X49: =(K49-$K$131) -> 0.011349999 | Y49: =(L49-$L$131) -> 0.017199999 | Z49: =(H49-$H$131) -> 0.010816667 | AA49: =11.93*W49-1.93*Y49 -> 0.49749022 | AB49: =20.36*Y49-5.5*W49 -> 0.10553362 | AC49: =24.36*Z49-3.73*W49 -> 0.09757115 | AE49: =AA49*$AD$2 -> 8.2915037 | AF49: =AB49*$AD$2 -> 1.7588936 | AG49: =AC49*$AD$2 -> 1.6261858 | AI49: =AE49/$AH$4 -> 0.1876755 | AJ49: =AF49/$AH$4 -> 0.039811988 | AK49: =AG49/$AH$4 -> 0.03680819
B50: 0.049699999 | C50: 0.050900001 | D50: 0.052000001 | E50: 0.052299999 | F50: 0.0524 | G50: 0.052000001 | H50: 0.051199999 | I50: 0.0506 | J50: 0.050299998 | K50: 0.0515 | L50: 0.057 | M50: 0.065300003 | N50: 0.0788 | O50: 0.083800003 | P50: 0.075900003 | Q50: 0.061099999 | R50: 0.0502 | S50: 0.0447 | T50: 0.0429 | U50: 0.0418 | V50: 0.041499998 | W50: =(O50-$O$131) -> 0.043583337 | X50: =(K50-$K$131) -> 0.01095 | Y50: =(L50-$L$131) -> 0.0166 | Z50: =(H50-$H$131) -> 0.010316666 | AA50: =11.93*W50-1.93*Y50 -> 0.48791121 | AB50: =20.36*Y50-5.5*W50 -> 0.09826764 | AC50: =24.36*Z50-3.73*W50 -> 0.088748126 | AE50: =AA50*$AD$2 -> 8.1318536 | AF50: =AB50*$AD$2 -> 1.637794 | AG50: =AC50*$AD$2 -> 1.4791354 | AI50: =AE50/$AH$4 -> 0.18406187 | AJ50: =AF50/$AH$4 -> 0.037070937 | AK50: =AG50/$AH$4 -> 0.033479752
A51: Week 2 NC 3 | B51: 0.052200001 | C51: 0.053599998 | D51: 0.055 | E51: 0.055500001 | F51: 0.055500001 | G51: 0.055199999 | H51: 0.054400001 | I51: 0.0537 | J51: 0.053100001 | K51: 0.054499999 | L51: 0.061099999 | M51: 0.071000002 | N51: 0.087399997 | O51: 0.093500003 | P51: 0.084200002 | Q51: 0.066500001 | R51: 0.053199999 | S51: 0.0462 | T51: 0.044 | U51: 0.042599998 | V51: 0.042100001 | W51: =(O51-$O$131) -> 0.053283338 | X51: =(K51-$K$131) -> 0.013949998 | Y51: =(L51-$L$131) -> 0.020699998 | Z51: =(H51-$H$131) -> 0.013516668 | AA51: =11.93*W51-1.93*Y51 -> 0.59571922 | AB51: =20.36*Y51-5.5*W51 -> 0.12839361 | AC51: =24.36*Z51-3.73*W51 -> 0.13051917 | AE51: =AA51*$AD$2 -> 9.9286537 | AF51: =AB51*$AD$2 -> 2.1398935 | AG51: =AC51*$AD$2 -> 2.1753196 | AI51: =AE51/$AH$4 -> 0.22473186 | AJ51: =AF51/$AH$4 -> 0.048435797 | AK51: =AG51/$AH$4 -> 0.049237654
B52: 0.0528 | C52: 0.054499999 | D52: 0.055799998 | E52: 0.056499999 | F52: 0.056600001 | G52: 0.056200001 | H52: 0.055500001 | I52: 0.054400001 | J52: 0.0539 | K52: 0.055500001 | L52: 0.062100001 | M52: 0.073399998 | N52: 0.091200002 | O52: 0.0977 | P52: 0.0876 | Q52: 0.068499997 | R52: 0.054200001 | S52: 0.046399999 | T52: 0.0438 | U52: 0.042399999 | V52: 0.041999999 | W52: =(O52-$O$131) -> 0.057483334 | X52: =(K52-$K$131) -> 0.01495 | Y52: =(L52-$L$131) -> 0.0217 | Z52: =(H52-$H$131) -> 0.014616668 | AA52: =11.93*W52-1.93*Y52 -> 0.64389517 | AB52: =20.36*Y52-5.5*W52 -> 0.12565367 | AC52: =24.36*Z52-3.73*W52 -> 0.14164919 | AE52: =AA52*$AD$2 -> 10.731586 | AF52: =AB52*$AD$2 -> 2.0942278 | AG52: =AC52*$AD$2 -> 2.3608198 | AI52: =AE52/$AH$4 -> 0.24290598 | AJ52: =AF52/$AH$4 -> 0.047402169 | AK52: =AG52/$AH$4 -> 0.053436392
B53: 0.050999999 | C53: 0.0526 | D53: 0.0539 | E53: 0.0546 | F53: 0.054699998 | G53: 0.054299999 | H53: 0.0535 | I53: 0.052499998 | J53: 0.052200001 | K53: 0.053800002 | L53: 0.061099999 | M53: 0.071800001 | N53: 0.089599997 | O53: 0.096299998 | P53: 0.086400002 | Q53: 0.067400001 | R53: 0.053300001 | S53: 0.0458 | T53: 0.0436 | U53: 0.042300001 | V53: 0.041999999 | W53: =(O53-$O$131) -> 0.056083333 | X53: =(K53-$K$131) -> 0.013250001 | Y53: =(L53-$L$131) -> 0.020699998 | Z53: =(H53-$H$131) -> 0.012616667 | AA53: =11.93*W53-1.93*Y53 -> 0.62912316 | AB53: =20.36*Y53-5.5*W53 -> 0.11299364 | AC53: =24.36*Z53-3.73*W53 -> 0.098151184 | AE53: =AA53*$AD$2 -> 10.485386 | AF53: =AB53*$AD$2 -> 1.8832273 | AG53: =AC53*$AD$2 -> 1.6358531 | AI53: =AE53/$AH$4 -> 0.23733332 | AJ53: =AF53/$AH$4 -> 0.04262624 | AK53: =AG53/$AH$4 -> 0.037027005
W54: =(O54-$O$131) -> -0.040216666 | X54: =(K54-$K$131) -> -0.04055 | Y54: =(L54-$L$131) -> -0.0404 | Z54: =(H54-$H$131) -> -0.040883333 | AA54: =11.93*W54-1.93*Y54 -> -0.40181282 | AB54: =20.36*Y54-5.5*W54 -> -0.60135234 | AC54: =24.36*Z54-3.73*W54 -> -0.84590983 | AE54: =AA54*$AD$2 -> -6.6968804 | AF54: =AB54*$AD$2 -> -10.022539 | AG54: =AC54*$AD$2 -> -14.098497 | AI54: =AE54/$AH$4 -> -0.15158172 | AJ54: =AF54/$AH$4 -> -0.22685693 | AK54: =AG54/$AH$4 -> -0.31911492
A55: Week 2 Pro 1 | B55: 0.046399999 | C55: 0.046599999 | D55: 0.0469 | E55: 0.0469 | F55: 0.046799999 | G55: 0.046599999 | H55: 0.046100002 | I55: 0.0458 | J55: 0.045499999 | K55: 0.0458 | L55: 0.0471 | M55: 0.0493 | N55: 0.053199999 | O55: 0.054400001 | P55: 0.052099999 | Q55: 0.047699999 | R55: 0.044399999 | S55: 0.042599998 | T55: 0.042199999 | U55: 0.0416 | V55: 0.041499998 | W55: =(O55-$O$131) -> 0.014183335 | X55: =(K55-$K$131) -> 0.0052500001 | Y55: =(L55-$L$131) -> 0.0066999998 | Z55: =(H55-$H$131) -> 0.0052166687 | AA55: =11.93*W55-1.93*Y55 -> 0.15627619 | AB55: =20.36*Y55-5.5*W55 -> 0.058403653 | AC55: =24.36*Z55-3.73*W55 -> 0.074174209 | AE55: =AA55*$AD$2 -> 2.6046031 | AF55: =AB55*$AD$2 -> 0.97339422 | AG55: =AC55*$AD$2 -> 1.2362368 | AI55: =AE55/$AH$4 -> 0.058954349 | AJ55: =AF55/$AH$4 -> 0.022032463 | AK55: =AG55/$AH$4 -> 0.02798182
B56: 0.045499999 | C56: 0.045699999 | D56: 0.046 | E56: 0.046 | F56: 0.045899998 | G56: 0.045600001 | H56: 0.045299999 | I56: 0.045000002 | J56: 0.044599999 | K56: 0.0449 | L56: 0.0462 | M56: 0.048700001 | N56: 0.052499998 | O56: 0.0537 | P56: 0.051399998 | Q56: 0.0471 | R56: 0.043699998 | S56: 0.0418 | T56: 0.041299999 | U56: 0.040899999 | V56: 0.040600002 | W56: =(O56-$O$131) -> 0.013483334 | X56: =(K56-$K$131) -> 0.0043499998 | Y56: =(L56-$L$131) -> 0.0057999995 | Z56: =(H56-$H$131) -> 0.0044166663 | AA56: =11.93*W56-1.93*Y56 -> 0.14966218 | AB56: =20.36*Y56-5.5*W56 -> 0.04392965 | AC56: =24.36*Z56-3.73*W56 -> 0.057297154 | AE56: =AA56*$AD$2 -> 2.4943697 | AF56: =AB56*$AD$2 -> 0.73216084 | AG56: =AC56*$AD$2 -> 0.95495257 | AI56: =AE56/$AH$4 -> 0.05645925 | AJ56: =AF56/$AH$4 -> 0.016572224 | AK56: =AG56/$AH$4 -> 0.021615042
B57: 0.045299999 | C57: 0.045499999 | D57: 0.045699999 | E57: 0.0458 | F57: 0.045699999 | G57: 0.045400001 | H57: 0.0451 | I57: 0.0449 | J57: 0.0447 | K57: 0.044799998 | L57: 0.046300001 | M57: 0.048599999 | N57: 0.052499998 | O57: 0.053800002 | P57: 0.0515 | Q57: 0.0471 | R57: 0.044 | S57: 0.042100001 | T57: 0.0416 | U57: 0.041299999 | V57: 0.041200001 | W57: =(O57-$O$131) -> 0.013583336 | X57: =(K57-$K$131) -> 0.0042499981 | Y57: =(L57-$L$131) -> 0.0059000012 | Z57: =(H57-$H$131) -> 0.0042166666 | AA57: =11.93*W57-1.93*Y57 -> 0.1506622 | AB57: =20.36*Y57-5.5*W57 -> 0.045415675 | AC57: =24.36*Z57-3.73*W57 -> 0.052052156 | AE57: =AA57*$AD$2 -> 2.5110366 | AF57: =AB57*$AD$2 -> 0.75692792 | AG57: =AC57*$AD$2 -> 0.86753593 | AI57: =AE57/$AH$4 -> 0.056836501 | AJ57: =AF57/$AH$4 -> 0.017132819 | AK57: =AG57/$AH$4 -> 0.019636395
A58: Week 2 Pro 2 | B58: 0.049199998 | C58: 0.049899999 | D58: 0.0506 | E58: 0.050999999 | F58: 0.050999999 | G58: 0.050799999 | H58: 0.0506 | I58: 0.050099999 | J58: 0.049800001 | K58: 0.0506 | L58: 0.0546 | M58: 0.060400002 | N58: 0.070100002 | O58: 0.073899999 | P58: 0.069200002 | Q58: 0.058899999 | R58: 0.0513 | S58: 0.0471 | T58: 0.045699999 | U58: 0.045000002 | V58: 0.044799998 | W58: =(O58-$O$131) -> 0.033683334 | X58: =(K58-$K$131) -> 0.010049999 | Y58: =(L58-$L$131) -> 0.0142 | Z58: =(H58-$H$131) -> 0.0097166666 | AA58: =11.93*W58-1.93*Y58 -> 0.37443617 | AB58: =20.36*Y58-5.5*W58 -> 0.10385367 | AC58: =24.36*Z58-3.73*W58 -> 0.11105916 | AE58: =AA58*$AD$2 -> 6.2406028 | AF58: =AB58*$AD$2 -> 1.7308945 | AG58: =AC58*$AD$2 -> 1.8509861 | AI58: =AE58/$AH$4 -> 0.14125402 | AJ58: =AF58/$AH$4 -> 0.039178236 | AK58: =AG58/$AH$4 -> 0.041896471
B59: 0.049600001 | C59: 0.050500002 | D59: 0.0513 | E59: 0.0517 | F59: 0.051600002 | G59: 0.0515 | H59: 0.051199999 | I59: 0.0506 | J59: 0.050299998 | K59: 0.050999999 | L59: 0.055 | M59: 0.0612 | N59: 0.071500003 | O59: 0.075400002 | P59: 0.070100002 | Q59: 0.059099998 | R59: 0.0506 | S59: 0.0458 | T59: 0.044300001 | U59: 0.043200001 | V59: 0.0429 | W59: =(O59-$O$131) -> 0.035183337 | X59: =(K59-$K$131) -> 0.010449999 | Y59: =(L59-$L$131) -> 0.014599999 | Z59: =(H59-$H$131) -> 0.010316666 | AA59: =11.93*W59-1.93*Y59 -> 0.39155921 | AB59: =20.36*Y59-5.5*W59 -> 0.10374764 | AC59: =24.36*Z59-3.73*W59 -> 0.12008013 | AE59: =AA59*$AD$2 -> 6.5259868 | AF59: =AB59*$AD$2 -> 1.7291273 | AG59: =AC59*$AD$2 -> 2.0013355 | AI59: =AE59/$AH$4 -> 0.1477136 | AJ59: =AF59/$AH$4 -> 0.039138236 | AK59: =AG59/$AH$4 -> 0.045299581
B60: 0.0495 | C60: 0.0504 | D60: 0.051199999 | E60: 0.0515 | F60: 0.051399998 | G60: 0.0513 | H60: 0.050900001 | I60: 0.050299998 | J60: 0.049899999 | K60: 0.050700001 | L60: 0.054499999 | M60: 0.060400002 | N60: 0.070500001 | O60: 0.074500002 | P60: 0.069200002 | Q60: 0.0583 | R60: 0.049899999 | S60: 0.0451 | T60: 0.043699998 | U60: 0.0425 | V60: 0.042199999 | W60: =(O60-$O$131) -> 0.034283336 | X60: =(K60-$K$131) -> 0.010150001 | Y60: =(L60-$L$131) -> 0.014099998 | Z60: =(H60-$H$131) -> 0.010016668 | AA60: =11.93*W60-1.93*Y60 -> 0.3817872 | AB60: =20.36*Y60-5.5*W60 -> 0.098517618 | AC60: =24.36*Z60-3.73*W60 -> 0.11612919 | AE60: =AA60*$AD$2 -> 6.3631201 | AF60: =AB60*$AD$2 -> 1.6419603 | AG60: =AC60*$AD$2 -> 1.9354865 | AI60: =AE60/$AH$4 -> 0.14402716 | AJ60: =AF60/$AH$4 -> 0.03716524 | AK60: =AG60/$AH$4 -> 0.043809109
A61: Week 2 Pro 3 | B61: 0.048 | C61: 0.0482 | D61: 0.048500001 | E61: 0.0484 | F61: 0.0482 | G61: 0.0482 | H61: 0.047899999 | I61: 0.047600001 | J61: 0.0473 | K61: 0.047400001 | L61: 0.048700001 | M61: 0.050700001 | N61: 0.054000001 | O61: 0.055300001 | P61: 0.053300001 | Q61: 0.049600001 | R61: 0.046599999 | S61: 0.044799998 | T61: 0.044300001 | U61: 0.044 | V61: 0.0438 | W61: =(O61-$O$131) -> 0.015083335 | X61: =(K61-$K$131) -> 0.0068500011 | Y61: =(L61-$L$131) -> 0.0083000008 | Z61: =(H61-$H$131) -> 0.0070166656 | AA61: =11.93*W61-1.93*Y61 -> 0.16392519 | AB61: =20.36*Y61-5.5*W61 -> 0.086029672 | AC61: =24.36*Z61-3.73*W61 -> 0.11466513 | AE61: =AA61*$AD$2 -> 2.7320865 | AF61: =AB61*$AD$2 -> 1.4338279 | AG61: =AC61*$AD$2 -> 1.9110856 | AI61: =AE61/$AH$4 -> 0.061839893 | AJ61: =AF61/$AH$4 -> 0.03245423 | AK61: =AG61/$AH$4 -> 0.043256803
B62: 0.051100001 | C62: 0.0513 | D62: 0.051399998 | E62: 0.0515 | F62: 0.051199999 | G62: 0.051100001 | H62: 0.050900001 | I62: 0.0506 | J62: 0.050299998 | K62: 0.050500002 | L62: 0.051800001 | M62: 0.054000001 | N62: 0.057700001 | O62: 0.058800001 | P62: 0.0568 | Q62: 0.052700002 | R62: 0.0495 | S62: 0.047899999 | T62: 0.047200002 | U62: 0.046799999 | V62: 0.046599999 | W62: =(O62-$O$131) -> 0.018583335 | X62: =(K62-$K$131) -> 0.0099500014 | Y62: =(L62-$L$131) -> 0.011400001 | Z62: =(H62-$H$131) -> 0.010016668 | AA62: =11.93*W62-1.93*Y62 -> 0.19969718 | AB62: =20.36*Y62-5.5*W62 -> 0.12989568 | AC62: =24.36*Z62-3.73*W62 -> 0.17469019 | AE62: =AA62*$AD$2 -> 3.3282864 | AF62: =AB62*$AD$2 -> 2.164928 | AG62: =AC62*$AD$2 -> 2.9115032 | AI62: =AE62/$AH$4 -> 0.075334685 | AJ62: =AF62/$AH$4 -> 0.049002445 | AK62: =AG62/$AH$4 -> 0.065900933
B63: 0.053399999 | C63: 0.0537 | D63: 0.054000001 | E63: 0.054099999 | F63: 0.0539 | G63: 0.053800002 | H63: 0.053599998 | I63: 0.053399999 | J63: 0.052999999 | K63: 0.053199999 | L63: 0.0546 | M63: 0.0568 | N63: 0.060400002 | O63: 0.061500002 | P63: 0.059599999 | Q63: 0.055599999 | R63: 0.052499998 | S63: 0.050799999 | T63: 0.0502 | U63: 0.049800001 | V63: 0.0495 | W63: =(O63-$O$131) -> 0.021283336 | X63: =(K63-$K$131) -> 0.012649999 | Y63: =(L63-$L$131) -> 0.0142 | Z63: =(H63-$H$131) -> 0.012716665 | AA63: =11.93*W63-1.93*Y63 -> 0.2265042 | AB63: =20.36*Y63-5.5*W63 -> 0.17205365 | AC63: =24.36*Z63-3.73*W63 -> 0.23039112 | AE63: =AA63*$AD$2 -> 3.77507 | AF63: =AB63*$AD$2 -> 2.8675609 | AG63: =AC63*$AD$2 -> 3.839852 | AI63: =AE63/$AH$4 -> 0.085447487 | AJ63: =AF63/$AH$4 -> 0.064906313 | AK63: =AG63/$AH$4 -> 0.086913808
W64: =(O64-$O$131) -> -0.040216666 | X64: =(K64-$K$131) -> -0.04055 | Y64: =(L64-$L$131) -> -0.0404 | Z64: =(H64-$H$131) -> -0.040883333 | AA64: =11.93*W64-1.93*Y64 -> -0.40181282 | AB64: =20.36*Y64-5.5*W64 -> -0.60135234 | AC64: =24.36*Z64-3.73*W64 -> -0.84590983 | AE64: =AA64*$AD$2 -> -6.6968804 | AF64: =AB64*$AD$2 -> -10.022539 | AG64: =AC64*$AD$2 -> -14.098497 | AI64: =AE64/$AH$4 -> -0.15158172 | AJ64: =AF64/$AH$4 -> -0.22685693 | AK64: =AG64/$AH$4 -> -0.31911492
A65: Week 2 Cip 1 | B65: 0.0451 | C65: 0.0451 | D65: 0.045000002 | E65: 0.0449 | F65: 0.0447 | G65: 0.044500001 | H65: 0.044300001 | I65: 0.044100001 | J65: 0.043900002 | K65: 0.0438 | L65: 0.044199999 | M65: 0.045000002 | N65: 0.046100002 | O65: 0.046500001 | P65: 0.045600001 | Q65: 0.044 | R65: 0.0429 | S65: 0.042199999 | T65: 0.041900001 | U65: 0.0418 | V65: 0.041700002 | W65: =(O65-$O$131) -> 0.0062833354 | X65: =(K65-$K$131) -> 0.0032499998 | Y65: =(L65-$L$131) -> 0.0037999991 | Z65: =(H65-$H$131) -> 0.003416668 | AA65: =11.93*W65-1.93*Y65 -> 0.067626193 | AB65: =20.36*Y65-5.5*W65 -> 0.042809638 | AC65: =24.36*Z65-3.73*W65 -> 0.059793192 | AE65: =AA65*$AD$2 -> 1.1271032 | AF65: =AB65*$AD$2 -> 0.71349396 | AG65: =AC65*$AD$2 -> 0.99655319 | AI65: =AE65/$AH$4 -> 0.025511616 | AJ65: =AF65/$AH$4 -> 0.016149705 | AK65: =AG65/$AH$4 -> 0.022556659
B66: 0.044 | C66: 0.043900002 | D66: 0.044 | E66: 0.044100001 | F66: 0.0438 | G66: 0.0436 | H66: 0.043499999 | I66: 0.043200001 | J66: 0.043000001 | K66: 0.043000001 | L66: 0.043400001 | M66: 0.044199999 | N66: 0.045400001 | O66: 0.045699999 | P66: 0.0447 | Q66: 0.043000001 | R66: 0.0418 | S66: 0.041000001 | T66: 0.040800001 | U66: 0.040600002 | V66: 0.040600002 | W66: =(O66-$O$131) -> 0.005483333 | X66: =(K66-$K$131) -> 0.0024500011 | Y66: =(L66-$L$131) -> 0.0030000005 | Z66: =(H66-$H$131) -> 0.0026166656 | AA66: =11.93*W66-1.93*Y66 -> 0.059626162 | AB66: =20.36*Y66-5.5*W66 -> 0.030921678 | AC66: =24.36*Z66-3.73*W66 -> 0.043289143 | AE66: =AA66*$AD$2 -> 0.99376937 | AF66: =AB66*$AD$2 -> 0.51536131 | AG66: =AC66*$AD$2 -> 0.72148571 | AI66: =AE66/$AH$4 -> 0.022493648 | AJ66: =AF66/$AH$4 -> 0.011665036 | AK66: =AG66/$AH$4 -> 0.016330596
B67: 0.045000002 | C67: 0.0449 | D67: 0.0449 | E67: 0.0447 | F67: 0.044599999 | G67: 0.044300001 | H67: 0.044100001 | I67: 0.043900002 | J67: 0.043699998 | K67: 0.043699998 | L67: 0.044100001 | M67: 0.045000002 | N67: 0.046100002 | O67: 0.046500001 | P67: 0.045600001 | Q67: 0.044100001 | R67: 0.043000001 | S67: 0.042199999 | T67: 0.041999999 | U67: 0.0418 | V67: 0.0418 | W67: =(O67-$O$131) -> 0.0062833354 | X67: =(K67-$K$131) -> 0.0031499981 | Y67: =(L67-$L$131) -> 0.0037000012 | Z67: =(H67-$H$131) -> 0.0032166683 | AA67: =11.93*W67-1.93*Y67 -> 0.067819189 | AB67: =20.36*Y67-5.5*W67 -> 0.040773679 | AC67: =24.36*Z67-3.73*W67 -> 0.0549212 | AE67: =AA67*$AD$2 -> 1.1303198 | AF67: =AB67*$AD$2 -> 0.67956132 | AG67: =AC67*$AD$2 -> 0.91535333 | AI67: =AE67/$AH$4 -> 0.025584423 | AJ67: =AF67/$AH$4 -> 0.01538165 | AK67: =AG67/$AH$4 -> 0.020718726
A68: Week 2 Cip 2 | B68: 0.053199999 | C68: 0.053800002 | D68: 0.054699998 | E68: 0.055399999 | F68: 0.055399999 | G68: 0.055300001 | H68: 0.0548 | I68: 0.054000001 | J68: 0.0539 | K68: 0.055100001 | L68: 0.0592 | M68: 0.065399997 | N68: 0.0757 | O68: 0.079300001 | P68: 0.072499998 | Q68: 0.061299998 | R68: 0.0526 | S68: 0.048500001 | T68: 0.0471 | U68: 0.046399999 | V68: 0.046100002 | W68: =(O68-$O$131) -> 0.039083336 | X68: =(K68-$K$131) -> 0.014550001 | Y68: =(L68-$L$131) -> 0.0188 | Z68: =(H68-$H$131) -> 0.013916667 | AA68: =11.93*W68-1.93*Y68 -> 0.42998019 | AB68: =20.36*Y68-5.5*W68 -> 0.16780965 | AC68: =24.36*Z68-3.73*W68 -> 0.19322916 | AE68: =AA68*$AD$2 -> 7.1663366 | AF68: =AB68*$AD$2 -> 2.7968275 | AG68: =AC68*$AD$2 -> 3.2204861 | AI68: =AE68/$AH$4 -> 0.16220771 | AJ68: =AF68/$AH$4 -> 0.063305285 | AK68: =AG68/$AH$4 -> 0.07289466
B69: 0.059300002 | C69: 0.060400002 | D69: 0.060800001 | E69: 0.0612 | F69: 0.0612 | G69: 0.060800001 | H69: 0.059999999 | I69: 0.059700001 | J69: 0.0592 | K69: 0.0601 | L69: 0.0647 | M69: 0.071599998 | N69: 0.082000002 | O69: 0.085900001 | P69: 0.079499997 | Q69: 0.068000004 | R69: 0.0594 | S69: 0.0548 | T69: 0.053300001 | U69: 0.052700002 | V69: 0.052099999 | W69: =(O69-$O$131) -> 0.045683336 | X69: =(K69-$K$131) -> 0.01955 | Y69: =(L69-$L$131) -> 0.0243 | Z69: =(H69-$H$131) -> 0.019116666 | AA69: =11.93*W69-1.93*Y69 -> 0.49810319 | AB69: =20.36*Y69-5.5*W69 -> 0.24348965 | AC69: =24.36*Z69-3.73*W69 -> 0.29528313 | AE69: =AA69*$AD$2 -> 8.3017199 | AF69: =AB69*$AD$2 -> 4.0581608 | AG69: =AC69*$AD$2 -> 4.9213855 | AI69: =AE69/$AH$4 -> 0.18790674 | AJ69: =AF69/$AH$4 -> 0.091855156 | AK69: =AG69/$AH$4 -> 0.11139397
B70: 0.058200002 | C70: 0.059 | D70: 0.059799999 | E70: 0.060199998 | F70: 0.059799999 | G70: 0.059599999 | H70: 0.058699999 | I70: 0.058200002 | J70: 0.057500001 | K70: 0.058800001 | L70: 0.062799998 | M70: 0.069200002 | N70: 0.079899997 | O70: 0.0836 | P70: 0.077100001 | Q70: 0.065399997 | R70: 0.056699999 | S70: 0.052299999 | T70: 0.0506 | U70: 0.049699999 | V70: 0.049600001 | W70: =(O70-$O$131) -> 0.043383334 | X70: =(K70-$K$131) -> 0.01825 | Y70: =(L70-$L$131) -> 0.022399997 | Z70: =(H70-$H$131) -> 0.017816666 | AA70: =11.93*W70-1.93*Y70 -> 0.47433118 | AB70: =20.36*Y70-5.5*W70 -> 0.21745561 | AC70: =24.36*Z70-3.73*W70 -> 0.27219415 | AE70: =AA70*$AD$2 -> 7.9055196 | AF70: =AB70*$AD$2 -> 3.6242602 | AG70: =AC70*$AD$2 -> 4.5365691 | AI70: =AE70/$AH$4 -> 0.17893888 | AJ70: =AF70/$AH$4 -> 0.082033956 | AK70: =AG70/$AH$4 -> 0.10268377
A71: Week 2 Cip 3 | B71: 0.047499999 | C71: 0.048 | D71: 0.0484 | E71: 0.048799999 | F71: 0.048799999 | G71: 0.048599999 | H71: 0.048 | I71: 0.047499999 | J71: 0.047400001 | K71: 0.047699999 | L71: 0.049899999 | M71: 0.052900001 | N71: 0.057599999 | O71: 0.059300002 | P71: 0.056299999 | Q71: 0.0506 | R71: 0.046500001 | S71: 0.044599999 | T71: 0.044199999 | U71: 0.043699998 | V71: 0.0438 | W71: =(O71-$O$131) -> 0.019083336 | X71: =(K71-$K$131) -> 0.0071499987 | Y71: =(L71-$L$131) -> 0.0094999988 | Z71: =(H71-$H$131) -> 0.0071166673 | AA71: =11.93*W71-1.93*Y71 -> 0.2093292 | AB71: =20.36*Y71-5.5*W71 -> 0.088461627 | AC71: =24.36*Z71-3.73*W71 -> 0.10218117 | AE71: =AA71*$AD$2 -> 3.48882 | AF71: =AB71*$AD$2 -> 1.4743604 | AG71: =AC71*$AD$2 -> 1.7030195 | AI71: =AE71/$AH$4 -> 0.078968312 | AJ71: =AF71/$AH$4 -> 0.033371672 | AK71: =AG71/$AH$4 -> 0.038547296
B72: 0.047400001 | C72: 0.048300002 | D72: 0.048700001 | E72: 0.049199998 | F72: 0.0491 | G72: 0.0493 | H72: 0.048799999 | I72: 0.048300002 | J72: 0.0484 | K72: 0.048999999 | L72: 0.051399998 | M72: 0.0546 | N72: 0.059700001 | O72: 0.061299998 | P72: 0.0583 | Q72: 0.052499998 | R72: 0.048500001 | S72: 0.046500001 | T72: 0.045699999 | U72: 0.045299999 | V72: 0.045400001 | W72: =(O72-$O$131) -> 0.021083333 | X72: =(K72-$K$131) -> 0.0084499984 | Y72: =(L72-$L$131) -> 0.010999998 | Z72: =(H72-$H$131) -> 0.0079166659 | AA72: =11.93*W72-1.93*Y72 -> 0.23029416 | AB72: =20.36*Y72-5.5*W72 -> 0.10800163 | AC72: =24.36*Z72-3.73*W72 -> 0.11420915 | AE72: =AA72*$AD$2 -> 3.838236 | AF72: =AB72*$AD$2 -> 1.8000272 | AG72: =AC72*$AD$2 -> 1.9034859 | AI72: =AE72/$AH$4 -> 0.08687723 | AJ72: =AF72/$AH$4 -> 0.040743033 | AK72: =AG72/$AH$4 -> 0.043084786
B73: 0.048099998 | C73: 0.048500001 | D73: 0.0491 | E73: 0.049600001 | F73: 0.049899999 | G73: 0.049899999 | H73: 0.050000001 | I73: 0.049699999 | J73: 0.049400002 | K73: 0.0502 | L73: 0.052000001 | M73: 0.055300001 | N73: 0.0603 | O73: 0.062100001 | P73: 0.059 | Q73: 0.053800002 | R73: 0.0495 | S73: 0.047499999 | T73: 0.046799999 | U73: 0.046799999 | V73: 0.046799999 | W73: =(O73-$O$131) -> 0.021883335 | X73: =(K73-$K$131) -> 0.0096500001 | Y73: =(L73-$L$131) -> 0.011600001 | Z73: =(H73-$H$131) -> 0.0091166676 | AA73: =11.93*W73-1.93*Y73 -> 0.23868018 | AB73: =20.36*Y73-5.5*W73 -> 0.11581767 | AC73: =24.36*Z73-3.73*W73 -> 0.14045718 | AE73: =AA73*$AD$2 -> 3.9780031 | AF73: =AB73*$AD$2 -> 1.9302946 | AG73: =AC73*$AD$2 -> 2.3409531 | AI73: =AE73/$AH$4 -> 0.090040812 | AJ73: =AF73/$AH$4 -> 0.043691593 | AK73: =AG73/$AH$4 -> 0.052986715
W74: =(O74-$O$131) -> -0.040216666 | X74: =(K74-$K$131) -> -0.04055 | Y74: =(L74-$L$131) -> -0.0404 | Z74: =(H74-$H$131) -> -0.040883333 | AA74: =11.93*W74-1.93*Y74 -> -0.40181282 | AB74: =20.36*Y74-5.5*W74 -> -0.60135234 | AC74: =24.36*Z74-3.73*W74 -> -0.84590983 | AE74: =AA74*$AD$2 -> -6.6968804 | AF74: =AB74*$AD$2 -> -10.022539 | AG74: =AC74*$AD$2 -> -14.098497 | AI74: =AE74/$AH$4 -> -0.15158172 | AJ74: =AF74/$AH$4 -> -0.22685693 | AK74: =AG74/$AH$4 -> -0.31911492
A75: Week 2 Mix 1 | B75: 0.047200002 | C75: 0.047200002 | D75: 0.0471 | E75: 0.0471 | F75: 0.046999998 | G75: 0.046799999 | H75: 0.046599999 | I75: 0.046399999 | J75: 0.0462 | K75: 0.0462 | L75: 0.046300001 | M75: 0.046700001 | N75: 0.0471 | O75: 0.047200002 | P75: 0.046799999 | Q75: 0.0462 | R75: 0.045600001 | S75: 0.045299999 | T75: 0.045200001 | U75: 0.045000002 | V75: 0.044799998 | W75: =(O75-$O$131) -> 0.0069833361 | X75: =(K75-$K$131) -> 0.0056499994 | Y75: =(L75-$L$131) -> 0.0059000012 | Z75: =(H75-$H$131) -> 0.005716666 | AA75: =11.93*W75-1.93*Y75 -> 0.071924197 | AB75: =20.36*Y75-5.5*W75 -> 0.081715675 | AC75: =24.36*Z75-3.73*W75 -> 0.11321014 | AE75: =AA75*$AD$2 -> 1.1987366 | AF75: =AB75*$AD$2 -> 1.3619279 | AG75: =AC75*$AD$2 -> 1.8868357 | AI75: =AE75/$AH$4 -> 0.027133015 | AJ75: =AF75/$AH$4 -> 0.030826798 | AK75: =AG75/$AH$4 -> 0.042707914
B76: 0.048599999 | C76: 0.0484 | D76: 0.048300002 | E76: 0.048300002 | F76: 0.048 | G76: 0.047800001 | H76: 0.047699999 | I76: 0.047499999 | J76: 0.0473 | K76: 0.0471 | L76: 0.0471 | M76: 0.047499999 | N76: 0.047899999 | O76: 0.047899999 | P76: 0.047400001 | Q76: 0.046399999 | R76: 0.045899998 | S76: 0.045400001 | T76: 0.045400001 | U76: 0.045200001 | V76: 0.0451 | W76: =(O76-$O$131) -> 0.007683333 | X76: =(K76-$K$131) -> 0.0065499997 | Y76: =(L76-$L$131) -> 0.0066999998 | Z76: =(H76-$H$131) -> 0.006816666 | AA76: =11.93*W76-1.93*Y76 -> 0.078731163 | AB76: =20.36*Y76-5.5*W76 -> 0.094153664 | AC76: =24.36*Z76-3.73*W76 -> 0.13739515 | AE76: =AA76*$AD$2 -> 1.3121861 | AF76: =AB76*$AD$2 -> 1.5692277 | AG76: =AC76*$AD$2 -> 2.2899192 | AI76: =AE76/$AH$4 -> 0.029700907 | AJ76: =AF76/$AH$4 -> 0.035518962 | AK76: =AG76/$AH$4 -> 0.051831579
B77: 0.048300002 | C77: 0.0482 | D77: 0.048300002 | E77: 0.0482 | F77: 0.048099998 | G77: 0.047899999 | H77: 0.047899999 | I77: 0.047800001 | J77: 0.047800001 | K77: 0.047699999 | L77: 0.047800001 | M77: 0.048099998 | N77: 0.048599999 | O77: 0.048700001 | P77: 0.0482 | Q77: 0.047499999 | R77: 0.0469 | S77: 0.046500001 | T77: 0.046599999 | U77: 0.046500001 | V77: 0.046300001 | W77: =(O77-$O$131) -> 0.0084833354 | X77: =(K77-$K$131) -> 0.0071499987 | Y77: =(L77-$L$131) -> 0.0074000005 | Z77: =(H77-$H$131) -> 0.0070166656 | AA77: =11.93*W77-1.93*Y77 -> 0.08692419 | AB77: =20.36*Y77-5.5*W77 -> 0.10400566 | AC77: =24.36*Z77-3.73*W77 -> 0.13928313 | AE77: =AA77*$AD$2 -> 1.4487365 | AF77: =AB77*$AD$2 -> 1.7334277 | AG77: =AC77*$AD$2 -> 2.3213856 | AI77: =AE77/$AH$4 -> 0.032791682 | AJ77: =AF77/$AH$4 -> 0.039235576 | AK77: =AG77/$AH$4 -> 0.052543811
A78: Week 2 Mix 2 | B78: 0.045000002 | C78: 0.0451 | D78: 0.0451 | E78: 0.045000002 | F78: 0.044799998 | G78: 0.0447 | H78: 0.044500001 | I78: 0.044300001 | J78: 0.044100001 | K78: 0.044 | L78: 0.044500001 | M78: 0.045400001 | N78: 0.0469 | O78: 0.047400001 | P78: 0.046500001 | Q78: 0.0447 | R78: 0.043299999 | S78: 0.0425 | T78: 0.042300001 | U78: 0.041999999 | V78: 0.041999999 | W78: =(O78-$O$131) -> 0.0071833357 | X78: =(K78-$K$131) -> 0.0034499994 | Y78: =(L78-$L$131) -> 0.0041000005 | Z78: =(H78-$H$131) -> 0.0036166677 | AA78: =11.93*W78-1.93*Y78 -> 0.077784194 | AB78: =20.36*Y78-5.5*W78 -> 0.043967663 | AC78: =24.36*Z78-3.73*W78 -> 0.061308182 | AE78: =AA78*$AD$2 -> 1.2964032 | AF78: =AB78*$AD$2 -> 0.73279439 | AG78: =AC78*$AD$2 -> 1.021803 | AI78: =AE78/$AH$4 -> 0.029343668 | AJ78: =AF78/$AH$4 -> 0.016586564 | AK78: =AG78/$AH$4 -> 0.023128181
B79: 0.0473 | C79: 0.047400001 | D79: 0.047600001 | E79: 0.047600001 | F79: 0.0473 | G79: 0.0471 | H79: 0.046999998 | I79: 0.0469 | J79: 0.046799999 | K79: 0.046700001 | L79: 0.047200002 | M79: 0.048300002 | N79: 0.049699999 | O79: 0.0502 | P79: 0.0493 | Q79: 0.047499999 | R79: 0.046 | S79: 0.045299999 | T79: 0.0451 | U79: 0.044799998 | V79: 0.0447 | W79: =(O79-$O$131) -> 0.0099833347 | X79: =(K79-$K$131) -> 0.0061500004 | Y79: =(L79-$L$131) -> 0.0068000015 | Z79: =(H79-$H$131) -> 0.0061166653 | AA79: =11.93*W79-1.93*Y79 -> 0.10597718 | AB79: =20.36*Y79-5.5*W79 -> 0.083539689 | AC79: =24.36*Z79-3.73*W79 -> 0.11176413 | AE79: =AA79*$AD$2 -> 1.7662863 | AF79: =AB79*$AD$2 -> 1.3923282 | AG79: =AC79*$AD$2 -> 1.8627355 | AI79: =AE79/$AH$4 -> 0.039979319 | AJ79: =AF79/$AH$4 -> 0.031514897 | AK79: =AG79/$AH$4 -> 0.042162414
B80: 0.044199999 | C80: 0.044199999 | D80: 0.044300001 | E80: 0.044199999 | F80: 0.043900002 | G80: 0.0438 | H80: 0.0436 | I80: 0.043499999 | J80: 0.043299999 | K80: 0.043299999 | L80: 0.0438 | M80: 0.0447 | N80: 0.0462 | O80: 0.046599999 | P80: 0.045600001 | Q80: 0.043900002 | R80: 0.042599998 | S80: 0.041700002 | T80: 0.041499998 | U80: 0.041299999 | V80: 0.041299999 | W80: =(O80-$O$131) -> 0.0063833334 | X80: =(K80-$K$131) -> 0.0027499987 | Y80: =(L80-$L$131) -> 0.0033999998 | Z80: =(H80-$H$131) -> 0.0027166673 | AA80: =11.93*W80-1.93*Y80 -> 0.069591167 | AB80: =20.36*Y80-5.5*W80 -> 0.034115663 | AC80: =24.36*Z80-3.73*W80 -> 0.042368183 | AE80: =AA80*$AD$2 -> 1.1598528 | AF80: =AB80*$AD$2 -> 0.56859438 | AG80: =AC80*$AD$2 -> 0.70613638 | AI80: =AE80/$AH$4 -> 0.026252892 | AJ80: =AF80/$AH$4 -> 0.01286995 | AK80: =AG80/$AH$4 -> 0.015983168
A81: Week 2 Mix 3 | B81: 0.044399999 | C81: 0.044500001 | D81: 0.044599999 | E81: 0.044599999 | F81: 0.044300001 | G81: 0.044199999 | H81: 0.044 | I81: 0.043900002 | J81: 0.0438 | K81: 0.043900002 | L81: 0.044500001 | M81: 0.045499999 | N81: 0.047200002 | O81: 0.047800001 | P81: 0.046700001 | Q81: 0.044799998 | R81: 0.043299999 | S81: 0.0425 | T81: 0.042300001 | U81: 0.041999999 | V81: 0.041999999 | W81: =(O81-$O$131) -> 0.007583335 | X81: =(K81-$K$131) -> 0.0033500014 | Y81: =(L81-$L$131) -> 0.0041000005 | Z81: =(H81-$H$131) -> 0.0031166666 | AA81: =11.93*W81-1.93*Y81 -> 0.082556186 | AB81: =20.36*Y81-5.5*W81 -> 0.041767667 | AC81: =24.36*Z81-3.73*W81 -> 0.04763616 | AE81: =AA81*$AD$2 -> 1.3759364 | AF81: =AB81*$AD$2 -> 0.69612779 | AG81: =AC81*$AD$2 -> 0.793936 | AI81: =AE81/$AH$4 -> 0.031143876 | AJ81: =AF81/$AH$4 -> 0.015756627 | AK81: =AG81/$AH$4 -> 0.017970484
B82: 0.044599999 | C82: 0.0447 | D82: 0.0449 | E82: 0.044799998 | F82: 0.044599999 | G82: 0.044500001 | H82: 0.044300001 | I82: 0.044199999 | J82: 0.044 | K82: 0.044100001 | L82: 0.044799998 | M82: 0.045899998 | N82: 0.047699999 | O82: 0.0484 | P82: 0.047200002 | Q82: 0.0449 | R82: 0.043400001 | S82: 0.042300001 | T82: 0.041999999 | U82: 0.041900001 | V82: 0.0418 | W82: =(O82-$O$131) -> 0.008183334 | X82: =(K82-$K$131) -> 0.0035500011 | Y82: =(L82-$L$131) -> 0.0043999981 | Z82: =(H82-$H$131) -> 0.003416668 | AA82: =11.93*W82-1.93*Y82 -> 0.089135179 | AB82: =20.36*Y82-5.5*W82 -> 0.044575624 | AC82: =24.36*Z82-3.73*W82 -> 0.052706197 | AE82: =AA82*$AD$2 -> 1.4855863 | AF82: =AB82*$AD$2 -> 0.74292707 | AG82: =AC82*$AD$2 -> 0.87843661 | AI82: =AE82/$AH$4 -> 0.033625765 | AJ82: =AF82/$AH$4 -> 0.016815914 | AK82: =AG82/$AH$4 -> 0.019883128
B83: 0.044599999 | C83: 0.044799998 | D83: 0.044799998 | E83: 0.044799998 | F83: 0.0447 | G83: 0.0447 | H83: 0.044500001 | I83: 0.044300001 | J83: 0.044399999 | K83: 0.044599999 | L83: 0.045200001 | M83: 0.046399999 | N83: 0.048099998 | O83: 0.048799999 | P83: 0.047699999 | Q83: 0.045600001 | R83: 0.044100001 | S83: 0.043200001 | T83: 0.043000001 | U83: 0.0429 | V83: 0.042800002 | W83: =(O83-$O$131) -> 0.0085833333 | X83: =(K83-$K$131) -> 0.0040499984 | Y83: =(L83-$L$131) -> 0.0048000012 | Z83: =(H83-$H$131) -> 0.0036166677 | AA83: =11.93*W83-1.93*Y83 -> 0.093135165 | AB83: =20.36*Y83-5.5*W83 -> 0.05051969 | AC83: =24.36*Z83-3.73*W83 -> 0.056086191 | AE83: =AA83*$AD$2 -> 1.5522527 | AF83: =AB83*$AD$2 -> 0.84199484 | AG83: =AC83*$AD$2 -> 0.93476985 | AI83: =AE83/$AH$4 -> 0.035134738 | AJ83: =AF83/$AH$4 -> 0.019058281 | AK83: =AG83/$AH$4 -> 0.021158213
W84: =(O84-$O$131) -> -0.040216666 | X84: =(K84-$K$131) -> -0.04055 | Y84: =(L84-$L$131) -> -0.0404 | Z84: =(H84-$H$131) -> -0.040883333 | AA84: =11.93*W84-1.93*Y84 -> -0.40181282 | AB84: =20.36*Y84-5.5*W84 -> -0.60135234 | AC84: =24.36*Z84-3.73*W84 -> -0.84590983 | AE84: =AA84*$AD$2 -> -6.6968804 | AF84: =AB84*$AD$2 -> -10.022539 | AG84: =AC84*$AD$2 -> -14.098497 | AI84: =AE84/$AH$4 -> -0.15158172 | AJ84: =AF84/$AH$4 -> -0.22685693 | AK84: =AG84/$AH$4 -> -0.31911492
A85: Week 3 NC 1 | B85: 0.0513 | C85: 0.0526 | D85: 0.053300001 | E85: 0.053300001 | F85: 0.052700002 | G85: 0.052200001 | H85: 0.051600002 | I85: 0.050999999 | J85: 0.051100001 | K85: 0.0528 | L85: 0.0592 | M85: 0.068400003 | N85: 0.084100001 | O85: 0.090899996 | P85: 0.0832 | Q85: 0.066 | R85: 0.0524 | S85: 0.045200001 | T85: 0.0429 | U85: 0.041999999 | V85: 0.0416 | W85: =(O85-$O$131) -> 0.050683331 | X85: =(K85-$K$131) -> 0.012249999 | Y85: =(L85-$L$131) -> 0.0188 | Z85: =(H85-$H$131) -> 0.010716669 | AA85: =11.93*W85-1.93*Y85 -> 0.56836814 | AB85: =20.36*Y85-5.5*W85 -> 0.10400968 | AC85: =24.36*Z85-3.73*W85 -> 0.072009224 | AE85: =AA85*$AD$2 -> 9.4728023 | AF85: =AB85*$AD$2 -> 1.7334946 | AG85: =AC85*$AD$2 -> 1.2001537 | AI85: =AE85/$AH$4 -> 0.21441381 | AJ85: =AF85/$AH$4 -> 0.039237089 | AK85: =AG85/$AH$4 -> 0.027165091
B86: 0.051100001 | C86: 0.052700002 | D86: 0.0535 | E86: 0.053199999 | F86: 0.0524 | G86: 0.051899999 | H86: 0.0515 | I86: 0.051199999 | J86: 0.050999999 | K86: 0.052499998 | L86: 0.059099998 | M86: 0.068700001 | N86: 0.085199997 | O86: 0.092200004 | P86: 0.083899997 | Q86: 0.066200003 | R86: 0.052499998 | S86: 0.045200001 | T86: 0.0429 | U86: 0.041499998 | V86: 0.040899999 | W86: =(O86-$O$131) -> 0.051983338 | X86: =(K86-$K$131) -> 0.011949998 | Y86: =(L86-$L$131) -> 0.018699998 | Z86: =(H86-$H$131) -> 0.010616667 | AA86: =11.93*W86-1.93*Y86 -> 0.58407022 | AB86: =20.36*Y86-5.5*W86 -> 0.094823602 | AC86: =24.36*Z86-3.73*W86 -> 0.064724157 | AE86: =AA86*$AD$2 -> 9.7345037 | AF86: =AB86*$AD$2 -> 1.5803934 | AG86: =AC86*$AD$2 -> 1.0787359 | AI86: =AE86/$AH$4 -> 0.22033734 | AJ86: =AF86/$AH$4 -> 0.035771692 | AK86: =AG86/$AH$4 -> 0.024416839
B87: 0.050900001 | C87: 0.052299999 | D87: 0.053199999 | E87: 0.053399999 | F87: 0.0528 | G87: 0.052200001 | H87: 0.052000001 | I87: 0.051800001 | J87: 0.052000001 | K87: 0.053599998 | L87: 0.059999999 | M87: 0.069799997 | N87: 0.086199999 | O87: 0.093000002 | P87: 0.085100003 | Q87: 0.067599997 | R87: 0.054299999 | S87: 0.047200002 | T87: 0.0451 | U87: 0.043699998 | V87: 0.043299999 | W87: =(O87-$O$131) -> 0.052783336 | X87: =(K87-$K$131) -> 0.013049998 | Y87: =(L87-$L$131) -> 0.019599998 | Z87: =(H87-$H$131) -> 0.011116668 | AA87: =11.93*W87-1.93*Y87 -> 0.59187721 | AB87: =20.36*Y87-5.5*W87 -> 0.10874762 | AC87: =24.36*Z87-3.73*W87 -> 0.073920186 | AE87: =AA87*$AD$2 -> 9.8646201 | AF87: =AB87*$AD$2 -> 1.8124603 | AG87: =AC87*$AD$2 -> 1.2320031 | AI87: =AE87/$AH$4 -> 0.22328248 | AJ87: =AF87/$AH$4 -> 0.041024452 | AK87: =AG87/$AH$4 -> 0.027885992
A88: Week 3 NC 2 | B88: 0.088799998 | C88: 0.095700003 | D88: 0.1009 | E88: 0.1024 | F88: 0.1009 | G88: 0.0995 | H88: 0.0973 | I88: 0.095100001 | J88: 0.094499998 | K88: 0.1014 | L88: 0.13060001 | M88: 0.17380001 | N88: 0.2493 | O88: 0.28130001 | P88: 0.243 | Q88: 0.1629 | R88: 0.1027 | S88: 0.070699997 | T88: 0.0603 | U88: 0.0548 | V88: 0.053399999 | W88: =(O88-$O$131) -> 0.24108334 | X88: =(K88-$K$131) -> 0.060850002 | Y88: =(L88-$L$131) -> 0.090200005 | Z88: =(H88-$H$131) -> 0.056416667 | AA88: =11.93*W88-1.93*Y88 -> 2.7020383 | AB88: =20.36*Y88-5.5*W88 -> 0.51051372 | AC88: =24.36*Z88-3.73*W88 -> 0.47506915 | AE88: =AA88*$AD$2 -> 45.033971 | AF88: =AB88*$AD$2 -> 8.508562 | AG88: =AC88*$AD$2 -> 7.9178192 | AI88: =AE88/$AH$4 -> 1.0193294 | AJ88: =AF88/$AH$4 -> 0.19258855 | AK88: =AG88/$AH$4 -> 0.17921727
B89: 0.091300003 | C89: 0.098999999 | D89: 0.1044 | E89: 0.1059 | F89: 0.1045 | G89: 0.1029 | H89: 0.1007 | I89: 0.098399997 | J89: 0.097499996 | K89: 0.105 | L89: 0.1364 | M89: 0.1829 | N89: 0.26350001 | O89: 0.2978 | P89: 0.25670001 | Q89: 0.1707 | R89: 0.1061 | S89: 0.071900003 | T89: 0.061099999 | U89: 0.055100001 | V89: 0.0539 | W89: =(O89-$O$131) -> 0.25758334 | X89: =(K89-$K$131) -> 0.064449996 | Y89: =(L89-$L$131) -> 0.095999999 | Z89: =(H89-$H$131) -> 0.059816665 | AA89: =11.93*W89-1.93*Y89 -> 2.8876892 | AB89: =20.36*Y89-5.5*W89 -> 0.53785162 | AC89: =24.36*Z89-3.73*W89 -> 0.49634811 | AE89: =AA89*$AD$2 -> 48.128154 | AF89: =AB89*$AD$2 -> 8.9641936 | AG89: =AC89*$AD$2 -> 8.2724686 | AI89: =AE89/$AH$4 -> 1.0893652 | AJ89: =AF89/$AH$4 -> 0.20290162 | AK89: =AG89/$AH$4 -> 0.18724465
B90: 0.088500001 | C90: 0.096100003 | D90: 0.1018 | E90: 0.1035 | F90: 0.1021 | G90: 0.1004 | H90: 0.098499998 | I90: 0.096500002 | J90: 0.095600002 | K90: 0.103 | L90: 0.13429999 | M90: 0.1805 | N90: 0.2613 | O90: 0.29589999 | P90: 0.25490001 | Q90: 0.1692 | R90: 0.1045 | S90: 0.070299998 | T90: 0.059099998 | U90: 0.053399999 | V90: 0.052000001 | W90: =(O90-$O$131) -> 0.25568332 | X90: =(K90-$K$131) -> 0.06245 | Y90: =(L90-$L$131) -> 0.093899993 | Z90: =(H90-$H$131) -> 0.057616665 | AA90: =11.93*W90-1.93*Y90 -> 2.869075 | AB90: =20.36*Y90-5.5*W90 -> 0.50554559 | AC90: =24.36*Z90-3.73*W90 -> 0.44984318 | AE90: =AA90*$AD$2 -> 47.817917 | AF90: =AB90*$AD$2 -> 8.4257599 | AG90: =AC90*$AD$2 -> 7.4973863 | AI90: =AE90/$AH$4 -> 1.0823431 | AJ90: =AF90/$AH$4 -> 0.19071435 | AK90: =AG90/$AH$4 -> 0.16970091
A91: Week 3 NC 3 | B91: 0.061000001 | C91: 0.064400002 | D91: 0.066699997 | E91: 0.067199998 | F91: 0.066299997 | G91: 0.065499999 | H91: 0.064900003 | I91: 0.064099997 | J91: 0.064000003 | K91: 0.067400001 | L91: 0.081100002 | M91: 0.1013 | N91: 0.13600001 | O91: 0.15090001 | P91: 0.134 | Q91: 0.096500002 | R91: 0.067599997 | S91: 0.052099999 | T91: 0.046999998 | U91: 0.044300001 | V91: 0.0436 | W91: =(O91-$O$131) -> 0.11068334 | X91: =(K91-$K$131) -> 0.026850001 | Y91: =(L91-$L$131) -> 0.040700002 | Z91: =(H91-$H$131) -> 0.02401667 | AA91: =11.93*W91-1.93*Y91 -> 1.2419012 | AB91: =20.36*Y91-5.5*W91 -> 0.21989366 | AC91: =24.36*Z91-3.73*W91 -> 0.17219723 | AE91: =AA91*$AD$2 -> 20.698354 | AF91: =AB91*$AD$2 -> 3.6648943 | AG91: =AC91*$AD$2 -> 2.8699538 | AI91: =AE91/$AH$4 -> 0.46850055 | AJ91: =AF91/$AH$4 -> 0.082953697 | AK91: =AG91/$AH$4 -> 0.064960475
B92: 0.0612 | C92: 0.064800002 | D92: 0.067199998 | E92: 0.067699999 | F92: 0.067000002 | G92: 0.066399999 | H92: 0.065700002 | I92: 0.064900003 | J92: 0.064900003 | K92: 0.068499997 | L92: 0.082900003 | M92: 0.1039 | N92: 0.14 | O92: 0.1556 | P92: 0.1382 | Q92: 0.099399999 | R92: 0.069499999 | S92: 0.0535 | T92: 0.048300002 | U92: 0.045499999 | V92: 0.044799998 | W92: =(O92-$O$131) -> 0.11538333 | X92: =(K92-$K$131) -> 0.027949997 | Y92: =(L92-$L$131) -> 0.042500002 | Z92: =(H92-$H$131) -> 0.024816669 | AA92: =11.93*W92-1.93*Y92 -> 1.2944981 | AB92: =20.36*Y92-5.5*W92 -> 0.23069173 | AC92: =24.36*Z92-3.73*W92 -> 0.17415423 | AE92: =AA92*$AD$2 -> 21.574969 | AF92: =AB92*$AD$2 -> 3.8448621 | AG92: =AC92*$AD$2 -> 2.9025705 | AI92: =AE92/$AH$4 -> 0.48834244 | AJ92: =AF92/$AH$4 -> 0.08702721 | AK92: =AG92/$AH$4 -> 0.065698744
B93: 0.059599999 | C93: 0.062799998 | D93: 0.065099999 | E93: 0.065399997 | F93: 0.064400002 | G93: 0.063699998 | H93: 0.062799998 | I93: 0.061999999 | J93: 0.061900001 | K93: 0.0656 | L93: 0.079599999 | M93: 0.1001 | N93: 0.1355 | O93: 0.1507 | P93: 0.1336 | Q93: 0.095700003 | R93: 0.066299997 | S93: 0.050500002 | T93: 0.045400001 | U93: 0.042599998 | V93: 0.042199999 | W93: =(O93-$O$131) -> 0.11048334 | X93: =(K93-$K$131) -> 0.02505 | Y93: =(L93-$L$131) -> 0.039199999 | Z93: =(H93-$H$131) -> 0.021916665 | AA93: =11.93*W93-1.93*Y93 -> 1.2424102 | AB93: =20.36*Y93-5.5*W93 -> 0.19045362 | AC93: =24.36*Z93-3.73*W93 -> 0.1217871 | AE93: =AA93*$AD$2 -> 20.706837 | AF93: =AB93*$AD$2 -> 3.1742269 | AG93: =AC93*$AD$2 -> 2.029785 | AI93: =AE93/$AH$4 -> 0.46869255 | AJ93: =AF93/$AH$4 -> 0.0718476 | AK93: =AG93/$AH$4 -> 0.045943526
W94: =(O94-$O$131) -> -0.040216666 | X94: =(K94-$K$131) -> -0.04055 | Y94: =(L94-$L$131) -> -0.0404 | Z94: =(H94-$H$131) -> -0.040883333 | AA94: =11.93*W94-1.93*Y94 -> -0.40181282 | AB94: =20.36*Y94-5.5*W94 -> -0.60135234 | AC94: =24.36*Z94-3.73*W94 -> -0.84590983 | AE94: =AA94*$AD$2 -> -6.6968804 | AF94: =AB94*$AD$2 -> -10.022539 | AG94: =AC94*$AD$2 -> -14.098497 | AI94: =AE94/$AH$4 -> -0.15158172 | AJ94: =AF94/$AH$4 -> -0.22685693 | AK94: =AG94/$AH$4 -> -0.31911492
A95: Week 3 Pro 1 | B95: 0.072899997 | C95: 0.078000002 | D95: 0.081600003 | E95: 0.082199998 | F95: 0.080600001 | G95: 0.079099998 | H95: 0.077600002 | I95: 0.076300003 | J95: 0.075400002 | K95: 0.080200002 | L95: 0.1014 | M95: 0.13330001 | N95: 0.1894 | O95: 0.21439999 | P95: 0.1883 | Q95: 0.1292 | R95: 0.083400004 | S95: 0.059 | T95: 0.050900001 | U95: 0.046799999 | V95: 0.045899998 | W95: =(O95-$O$131) -> 0.17418333 | X95: =(K95-$K$131) -> 0.039650001 | Y95: =(L95-$L$131) -> 0.061000003 | Z95: =(H95-$H$131) -> 0.036716669 | AA95: =11.93*W95-1.93*Y95 -> 1.9602771 | AB95: =20.36*Y95-5.5*W95 -> 0.28395175 | AC95: =24.36*Z95-3.73*W95 -> 0.24471425 | AE95: =AA95*$AD$2 -> 32.671285 | AF95: =AB95*$AD$2 -> 4.7325292 | AG95: =AC95*$AD$2 -> 4.0785708 | AI95: =AE95/$AH$4 -> 0.73950396 | AJ95: =AF95/$AH$4 -> 0.10711927 | AK95: =AG95/$AH$4 -> 0.09231713
B96: 0.073799998 | C96: 0.0792 | D96: 0.082999997 | E96: 0.083700001 | F96: 0.082199998 | G96: 0.081 | H96: 0.079499997 | I96: 0.078100003 | J96: 0.077299997 | K96: 0.082400002 | L96: 0.1042 | M96: 0.13699999 | N96: 0.1945 | O96: 0.2203 | P96: 0.1934 | Q96: 0.13240001 | R96: 0.085199997 | S96: 0.059799999 | T96: 0.0515 | U96: 0.0471 | V96: 0.046100002 | W96: =(O96-$O$131) -> 0.18008334 | X96: =(K96-$K$131) -> 0.041850001 | Y96: =(L96-$L$131) -> 0.063799998 | Z96: =(H96-$H$131) -> 0.038616664 | AA96: =11.93*W96-1.93*Y96 -> 2.0252602 | AB96: =20.36*Y96-5.5*W96 -> 0.3085096 | AC96: =24.36*Z96-3.73*W96 -> 0.26899109 | AE96: =AA96*$AD$2 -> 33.754337 | AF96: =AB96*$AD$2 -> 5.1418266 | AG96: =AC96*$AD$2 -> 4.4831848 | AI96: =AE96/$AH$4 -> 0.7640185 | AJ96: =AF96/$AH$4 -> 0.11638358 | AK96: =AG96/$AH$4 -> 0.10147544
B97: 0.077299997 | C97: 0.082599998 | D97: 0.086400002 | E97: 0.086999997 | F97: 0.085299999 | G97: 0.084100001 | H97: 0.082400002 | I97: 0.081 | J97: 0.0801 | K97: 0.085000001 | L97: 0.1068 | M97: 0.1393 | N97: 0.1969 | O97: 0.2228 | P97: 0.19599999 | Q97: 0.13500001 | R97: 0.087399997 | S97: 0.061900001 | T97: 0.0535 | U97: 0.048999999 | V97: 0.047899999 | W97: =(O97-$O$131) -> 0.18258334 | X97: =(K97-$K$131) -> 0.044450001 | Y97: =(L97-$L$131) -> 0.066399997 | Z97: =(H97-$H$131) -> 0.041516668 | AA97: =11.93*W97-1.93*Y97 -> 2.0500672 | AB97: =20.36*Y97-5.5*W97 -> 0.34769559 | AC97: =24.36*Z97-3.73*W97 -> 0.3303102 | AE97: =AA97*$AD$2 -> 34.167787 | AF97: =AB97*$AD$2 -> 5.7949266 | AG97: =AC97*$AD$2 -> 5.50517 | AI97: =AE97/$AH$4 -> 0.77337679 | AJ97: =AF97/$AH$4 -> 0.13116629 | AK97: =AG97/$AH$4 -> 0.12460774
A98: Week 3 Pro 2 | B98: 0.070699997 | C98: 0.075900003 | D98: 0.079899997 | E98: 0.081 | F98: 0.080200002 | G98: 0.078900002 | H98: 0.077699997 | I98: 0.076099999 | J98: 0.075000003 | K98: 0.079899997 | L98: 0.1015 | M98: 0.134 | N98: 0.19050001 | O98: 0.21510001 | P98: 0.1884 | Q98: 0.1286 | R98: 0.082199998 | S98: 0.0572 | T98: 0.048700001 | U98: 0.044500001 | V98: 0.043400001 | W98: =(O98-$O$131) -> 0.17488334 | X98: =(K98-$K$131) -> 0.039349996 | Y98: =(L98-$L$131) -> 0.061099997 | Z98: =(H98-$H$131) -> 0.036816663 | AA98: =11.93*W98-1.93*Y98 -> 1.9684352 | AB98: =20.36*Y98-5.5*W98 -> 0.28213757 | AC98: =24.36*Z98-3.73*W98 -> 0.24453906 | AE98: =AA98*$AD$2 -> 32.807254 | AF98: =AB98*$AD$2 -> 4.7022928 | AG98: =AC98*$AD$2 -> 4.0756511 | AI98: =AE98/$AH$4 -> 0.74258158 | AJ98: =AF98/$AH$4 -> 0.10643488 | AK98: =AG98/$AH$4 -> 0.092251043
B99: 0.071400002 | C99: 0.077100001 | D99: 0.081299998 | E99: 0.082500003 | F99: 0.0814 | G99: 0.080399998 | H99: 0.0788 | I99: 0.077100001 | J99: 0.076099999 | K99: 0.081299998 | L99: 0.1044 | M99: 0.1391 | N99: 0.19930001 | O99: 0.2254 | P99: 0.19670001 | Q99: 0.133 | R99: 0.083700001 | S99: 0.0572 | T99: 0.048500001 | U99: 0.0438 | V99: 0.042800002 | W99: =(O99-$O$131) -> 0.18518334 | X99: =(K99-$K$131) -> 0.040749998 | Y99: =(L99-$L$131) -> 0.064000001 | Z99: =(H99-$H$131) -> 0.037916667 | AA99: =11.93*W99-1.93*Y99 -> 2.0857172 | AB99: =20.36*Y99-5.5*W99 -> 0.28453168 | AC99: =24.36*Z99-3.73*W99 -> 0.23291617 | AE99: =AA99*$AD$2 -> 34.761953 | AF99: =AB99*$AD$2 -> 4.7421947 | AG99: =AC99*$AD$2 -> 3.8819362 | AI99: =AE99/$AH$4 -> 0.78682556 | AJ99: =AF99/$AH$4 -> 0.10733804 | AK99: =AG99/$AH$4 -> 0.087866369
B100: 0.071699999 | C100: 0.077200003 | D100: 0.0814 | E100: 0.082699999 | F100: 0.081600003 | G100: 0.080600001 | H100: 0.079000004 | I100: 0.077200003 | J100: 0.076200001 | K100: 0.081299998 | L100: 0.1044 | M100: 0.1389 | N100: 0.19930001 | O100: 0.2255 | P100: 0.19679999 | Q100: 0.13330001 | R100: 0.083999999 | S100: 0.057500001 | T100: 0.048599999 | U100: 0.044199999 | V100: 0.043000001 | W100: =(O100-$O$131) -> 0.18528334 | X100: =(K100-$K$131) -> 0.040749998 | Y100: =(L100-$L$131) -> 0.064000001 | Z100: =(H100-$H$131) -> 0.038116671 | AA100: =11.93*W100-1.93*Y100 -> 2.0869102 | AB100: =20.36*Y100-5.5*W100 -> 0.28398167 | AC100: =24.36*Z100-3.73*W100 -> 0.23741525 | AE100: =AA100*$AD$2 -> 34.781837 | AF100: =AB100*$AD$2 -> 4.7330279 | AG100: =AC100*$AD$2 -> 3.9569208 | AI100: =AE100/$AH$4 -> 0.78727562 | AJ100: =AF100/$AH$4 -> 0.10713055 | AK100: =AG100/$AH$4 -> 0.089563621
...

Sheet für R 
A1: sample | B1: treatment | C1: week | D1: chla | E1: chlb | F1: chlc | G1: afdw_after_colonisation
A2: 1 | B2: NC | C2: 1 | D2: =AVERAGE(Rohdaten!AI5:AI7) -> 0.11538927 | E2: =AVERAGE(Rohdaten!AJ5:AJ7) -> 0.047185118 | F2: =AVERAGE(Rohdaten!AK5:AK7) -> 0.059294366 | G2: 0.073336351
A3: 2 | B3: NC | C3: 1 | D3: =AVERAGE(Rohdaten!AI8:AI10) -> 0.23306657 | E3: =AVERAGE(Rohdaten!AJ8:AJ10) -> 0.055855707 | F3: =AVERAGE(Rohdaten!AK8:AK10) -> 0.054553402 | G3: 0.07831598
A4: 3 | B4: NC | C4: 1 | D4: =AVERAGE(Rohdaten!AI11:AI13) -> 0.11473637 | E4: =AVERAGE(Rohdaten!AJ11:AJ13) -> 0.029858023 | F4: =AVERAGE(Rohdaten!AK11:AK13) -> 0.026655665 | G4: 0.099366229
A5: 4 | B5: Cip | C5: 1 | D5: =AVERAGE(Rohdaten!AI25:AI27) -> 0.17111608 | E5: =AVERAGE(Rohdaten!AJ25:AJ27) -> 0.061646677 | F5: =AVERAGE(Rohdaten!AK25:AK27) -> 0.077997913 | G5: 0.067224989
A6: 5 | B6: Cip | C6: 1 | D6: =AVERAGE(Rohdaten!AI28:AI30) -> 0.06582862 | E6: =AVERAGE(Rohdaten!AJ28:AJ30) -> 0.02669798 | F6: =AVERAGE(Rohdaten!AK28:AK30) -> 0.028652912 | G6: 0.098913536
A7: 6 | B7: Cip | C7: 1 | D7: =AVERAGE(Rohdaten!AI31:AI33) -> 0.23352554 | E7: =AVERAGE(Rohdaten!AJ31:AJ33) -> 0.041933382 | F7: =AVERAGE(Rohdaten!AK31:AK33) -> 0.03768076 | G7: 0.06926211
A8: 7 | B8: Pro | C8: 1 | D8: =AVERAGE(Rohdaten!AI15:AI17) -> 0.23430418 | E8: =AVERAGE(Rohdaten!AJ15:AJ17) -> 0.059447328 | F8: =AVERAGE(Rohdaten!AK15:AK17) -> 0.064146105 | G8: 0.095971028
A9: 8 | B9: Pro | C9: 1 | D9: =AVERAGE(Rohdaten!AI18:AI20) -> 0.11022705 | E9: =AVERAGE(Rohdaten!AJ18:AJ20) -> 0.028998917 | F9: =AVERAGE(Rohdaten!AK18:AK20) -> 0.029381878 | G9: 0.12698053
A10: 9 | B10: Pro | C10: 1 | D10: =AVERAGE(Rohdaten!AI21:AI23) -> 0.22716293 | E10: =AVERAGE(Rohdaten!AJ21:AJ23) -> 0.057598082 | F10: =AVERAGE(Rohdaten!AK21:AK23) -> 0.063168678 | G10: 0.18220914
A11: 10 | B11: Mix | C11: 1 | D11: =AVERAGE(Rohdaten!AI35:AI37) -> 0.14433347 | E11: =AVERAGE(Rohdaten!AJ35:AJ37) -> 0.080849419 | F11: =AVERAGE(Rohdaten!AK35:AK37) -> 0.10239431 | G11: 0.066093255
A12: 11 | B12: Mix | C12: 1 | D12: =AVERAGE(Rohdaten!AI38:AI40) -> 0.23564754 | E12: =AVERAGE(Rohdaten!AJ38:AJ40) -> 0.081597627 | F12: =AVERAGE(Rohdaten!AK38:AK40) -> 0.10008545 | G12: 0.070393843
A13: 12 | B13: Mix | C13: 1 | D13: =AVERAGE(Rohdaten!AI41:AI43) -> 0.18786499 | E13: =AVERAGE(Rohdaten!AJ41:AJ43) -> 0.069594454 | F13: =AVERAGE(Rohdaten!AK41:AK43) -> 0.084834824 | G13: 0.063377094
A14: 13 | B14: NC | C14: 2 | D14: =AVERAGE(Rohdaten!AI45:AI47) -> 0.12160851 | E14: =AVERAGE(Rohdaten!AJ45:AJ47) -> 0.025465644 | F14: =AVERAGE(Rohdaten!AK45:AK47) -> 0.019337511 | G14: 0.32571299
A15: 14 | B15: NC | C15: 2 | D15: =AVERAGE(Rohdaten!AI48:AI50) -> 0.18514507 | E15: =AVERAGE(Rohdaten!AJ48:AJ50) -> 0.03926474 | F15: =AVERAGE(Rohdaten!AK48:AK50) -> 0.036427175 | G15: 0.20574921
A16: 15 | B16: NC | C16: 2 | D16: =AVERAGE(Rohdaten!AI51:AI53) -> 0.23499039 | E16: =AVERAGE(Rohdaten!AJ51:AJ53) -> 0.046154735 | F16: =AVERAGE(Rohdaten!AK51:AK53) -> 0.046567017 | G16: 0.11204165
A17: 16 | B17: Cip | C17: 2 | D17: =AVERAGE(Rohdaten!AI65:AI67) -> 0.024529896 | E17: =AVERAGE(Rohdaten!AJ65:AJ67) -> 0.014398797 | F17: =AVERAGE(Rohdaten!AK65:AK67) -> 0.01986866 | G17: 0.15436849
A18: 17 | B18: Cip | C18: 2 | D18: =AVERAGE(Rohdaten!AI68:AI70) -> 0.17635111 | E18: =AVERAGE(Rohdaten!AJ68:AJ70) -> 0.079064799 | F18: =AVERAGE(Rohdaten!AK68:AK70) -> 0.095657467 | G18: 0.093254866
A19: 18 | B19: Cip | C19: 2 | D19: =AVERAGE(Rohdaten!AI71:AI73) -> 0.085295451 | E19: =AVERAGE(Rohdaten!AJ71:AJ73) -> 0.039268766 | F19: =AVERAGE(Rohdaten!AK71:AK73) -> 0.044872932 | G19: 0.078768674
A20: 19 | B20: Pro | C20: 2 | D20: =AVERAGE(Rohdaten!AI55:AI57) -> 0.0574167 | E20: =AVERAGE(Rohdaten!AJ55:AJ57) -> 0.018579168 | F20: =AVERAGE(Rohdaten!AK55:AK57) -> 0.023077753 | G20: 0.06926211
A21: 20 | B21: Pro | C21: 2 | D21: =AVERAGE(Rohdaten!AI58:AI60) -> 0.1443316 | E21: =AVERAGE(Rohdaten!AJ58:AJ60) -> 0.038493904 | F21: =AVERAGE(Rohdaten!AK58:AK60) -> 0.043668387 | G21: 0.063829787
A22: 21 | B22: Pro | C22: 2 | D22: =AVERAGE(Rohdaten!AI61:AI63) -> 0.074207355 | E22: =AVERAGE(Rohdaten!AJ61:AJ63) -> 0.048787662 | F22: =AVERAGE(Rohdaten!AK61:AK63) -> 0.065357181 | G22: 0.076731553
A23: 22 | B23: Mix | C23: 2 | D23: =AVERAGE(Rohdaten!AI75:AI77) -> 0.029875201 | E23: =AVERAGE(Rohdaten!AJ75:AJ77) -> 0.035193779 | F23: =AVERAGE(Rohdaten!AK75:AK77) -> 0.049027768 | G23: 0.079221367
A24: 23 | B24: Mix | C24: 2 | D24: =AVERAGE(Rohdaten!AI78:AI80) -> 0.031858627 | E24: =AVERAGE(Rohdaten!AJ78:AJ80) -> 0.020323804 | F24: =AVERAGE(Rohdaten!AK78:AK80) -> 0.027091255 | G24: 0.057039384
A25: 24 | B25: Mix | C25: 2 | D25: =AVERAGE(Rohdaten!AI81:AI83) -> 0.03330146 | E25: =AVERAGE(Rohdaten!AJ81:AJ83) -> 0.017210274 | F25: =AVERAGE(Rohdaten!AK81:AK83) -> 0.019670609 | G25: 0.099366229
A26: 25 | B26: NC | C26: 3 | D26: =AVERAGE(Rohdaten!AI85:AI87) -> 0.21934455 | E26: =AVERAGE(Rohdaten!AJ85:AJ87) -> 0.038677744 | F26: =AVERAGE(Rohdaten!AK85:AK87) -> 0.026489307 | G26: 0.64259846
A27: 26 | B27: NC | C27: 3 | D27: =AVERAGE(Rohdaten!AI88:AI90) -> 1.0636792 | E27: =AVERAGE(Rohdaten!AJ88:AJ90) -> 0.19540151 | F27: =AVERAGE(Rohdaten!AK88:AK90) -> 0.17872094 | G27: 0.32254414
A28: 27 | B28: NC | C28: 3 | D28: =AVERAGE(Rohdaten!AI91:AI93) -> 0.47517851 | E28: =AVERAGE(Rohdaten!AJ91:AJ93) -> 0.080609502 | F28: =AVERAGE(Rohdaten!AK91:AK93) -> 0.058867582 | G28: 0.59483929
A29: 28 | B29: Cip | C29: 3 | D29: =AVERAGE(Rohdaten!AI105:AI107) -> 0.36968342 | E29: =AVERAGE(Rohdaten!AJ105:AJ107) -> 0.076605672 | F29: =AVERAGE(Rohdaten!AK105:AK107) -> 0.051822913 | G29: 0.20982345
A30: 29 | B30: Cip | C30: 3 | D30: =AVERAGE(Rohdaten!AI108:AI110) -> 0.22908437 | E30: =AVERAGE(Rohdaten!AJ108:AJ110) -> 0.072136823 | F30: =AVERAGE(Rohdaten!AK108:AK110) -> 0.052593881 | G30: 0.17768221
A31: 30 | B31: Cip | C31: 3 | D31: =AVERAGE(Rohdaten!AI111:AI113) -> 0.15175073 | E31: =AVERAGE(Rohdaten!AJ111:AJ113) -> 0.049518753 | F31: =AVERAGE(Rohdaten!AK111:AK113) -> 0.039369432 | G31: 0.17677682
A32: 31 | B32: Pro | C32: 3 | D32: =AVERAGE(Rohdaten!AI95:AI97) -> 0.75896642 | E32: =AVERAGE(Rohdaten!AJ95:AJ97) -> 0.11822304 | F32: =AVERAGE(Rohdaten!AK95:AK97) -> 0.10613344 | G32: 0.53078316
A33: 32 | B33: Pro | C33: 3 | D33: =AVERAGE(Rohdaten!AI98:AI100) -> 0.77222758 | E33: =AVERAGE(Rohdaten!AJ98:AJ100) -> 0.10696782 | F33: =AVERAGE(Rohdaten!AK98:AK100) -> 0.089893678 | G33: 0.54368493
A34: 33 | B34: Pro | C34: 3 | D34: =AVERAGE(Rohdaten!AI101:AI103) -> 0.35595035 | E34: =AVERAGE(Rohdaten!AJ101:AJ103) -> 0.064084675 | F34: =AVERAGE(Rohdaten!AK101:AK103) -> 0.061295769 | G34: 0.34766863
A35: 34 | B35: Mix | C35: 3 | D35: =AVERAGE(Rohdaten!AI115:AI117) -> 0.87529344 | E35: =AVERAGE(Rohdaten!AJ115:AJ117) -> 0.14416489 | F35: =AVERAGE(Rohdaten!AK115:AK117) -> 0.101605 | G35: 0.11837936
A36: 35 | B36: Mix | C36: 3 | D36: =AVERAGE(Rohdaten!AI118:AI120) -> 0.73129463 | E36: =AVERAGE(Rohdaten!AJ118:AJ120) -> 0.14983264 | F36: =AVERAGE(Rohdaten!AK118:AK120) -> 0.12737281 | G36: 0.41376188
A37: 36 | B37: Mix | C37: 3 | D37: =AVERAGE(Rohdaten!AI121:AI123) -> 0.43303249 | E37: =AVERAGE(Rohdaten!AJ121:AJ123) -> 0.086329038 | F37: =AVERAGE(Rohdaten!AK121:AK123) -> 0.062667434 | G37: 0.30692621
